"infection","geo","country","count"
"android_spams","PW","Palau",1
"android_spams","BG","Bulgaria",1
"android_spams","PK","Pakistan",1
"android_spams","TW","Taiwan Province Of China",1
"android_spams","KE","Kenya",1
"android_spams","CN","China",2
"android_spams","IR","Iran (Islamic Republic Of)",1
"android_spams","BE","Belgium",2
"android_spams","UA","Ukraine",1
"android_spams","TH","Thailand",1
"android_spams","ID","Indonesia",1
"android_spams","DK","Denmark",1
"android_spams","BR","Brazil",1
"android_spams","IN","India",1
"android_spams","LT","Lithuania",3
"android_spams","US","United States",11
"android_spams","UK","United Kingdom",1
"android_spams","FR","France",1
"android_spams","DE","Germany",1
"android_spams","RU","Russian Federation",6
"android_spams","RS","Serbia",1
"android_spams","NL","Netherlands",2
"android.bakdoor.prizmes","ME","Montenegro",5
"android.bakdoor.prizmes","CW","Curacao",1
"android.bakdoor.prizmes","GY","Guyana",127
"android.bakdoor.prizmes","EG","Egypt",359
"android.bakdoor.prizmes","LB","Lebanon",47
"android.bakdoor.prizmes","KM","Comoros",6
"android.bakdoor.prizmes","LR","Liberia",66
"android.bakdoor.prizmes","MN","Mongolia",1
"android.bakdoor.prizmes","CF","Central African Republic",21
"android.bakdoor.prizmes","NO","Norway",2
"android.bakdoor.prizmes","BS","Bahamas",1
"android.bakdoor.prizmes","PE","Peru",25
"android.bakdoor.prizmes","PS","Palestinian Territories",23
"android.bakdoor.prizmes","DO","Dominican Republic",21
"android.bakdoor.prizmes","IE","Ireland",5
"android.bakdoor.prizmes","JM","Jamaica",49
"android.bakdoor.prizmes","IR","Iran (Islamic Republic Of)",450
"android.bakdoor.prizmes","PG","Papua New Guinea",39
"android.bakdoor.prizmes","BG","Bulgaria",38
"android.bakdoor.prizmes","KE","Kenya",212
"android.bakdoor.prizmes","VE","Venezuela",81
"android.bakdoor.prizmes","MO","Macau",2
"android.bakdoor.prizmes","CM","Cameroon",197
"android.bakdoor.prizmes","SE","Sweden",20
"android.bakdoor.prizmes","TJ","Tajikistan",41
"android.bakdoor.prizmes","NZ","New Zealand",3
"android.bakdoor.prizmes","CI","Cote D Ivoire",336
"android.bakdoor.prizmes","RU","Russian Federation",669
"android.bakdoor.prizmes","TC","Turks And Caicos Islands",2
"android.bakdoor.prizmes","AF","Afghanistan",2519
"android.bakdoor.prizmes","KG","Kyrgyzstan",22
"android.bakdoor.prizmes","IN","India",3390
"android.bakdoor.prizmes","HT","Haiti",1
"android.bakdoor.prizmes","CR","Costa Rica",18
"android.bakdoor.prizmes","KH","Cambodia",589
"android.bakdoor.prizmes","RW","Rwanda",12
"android.bakdoor.prizmes","LK","Sri Lanka",147
"android.bakdoor.prizmes","IL","Israel",21
"android.bakdoor.prizmes","MK","Macedonia",17
"android.bakdoor.prizmes","CA","Canada",27
"android.bakdoor.prizmes","MW","Malawi",194
"android.bakdoor.prizmes","BY","Belarus",27
"android.bakdoor.prizmes","LY","Libyan Arab Jamahiriya",1277
"android.bakdoor.prizmes","UG","Uganda",74
"android.bakdoor.prizmes","TT","Trinidad And Tobago",13
"android.bakdoor.prizmes","RO","Romania",243
"android.bakdoor.prizmes","MR","Mauritania",83
"android.bakdoor.prizmes","BN","Brunei Darussalam",14
"android.bakdoor.prizmes","AL","Albania",75
"android.bakdoor.prizmes","MT","Malta",7
"android.bakdoor.prizmes","NA","Namibia",8
"android.bakdoor.prizmes","FI","Finland",6
"android.bakdoor.prizmes","DE","Germany",440
"android.bakdoor.prizmes","PH","Philippines",309
"android.bakdoor.prizmes","CY","Cyprus",15
"android.bakdoor.prizmes","US","United States",819
"android.bakdoor.prizmes","LT","Lithuania",10
"android.bakdoor.prizmes","UK","United Kingdom",560
"android.bakdoor.prizmes","TD","Chad",215
"android.bakdoor.prizmes","AM","Armenia",39
"android.bakdoor.prizmes","SO","Somalia",283
"android.bakdoor.prizmes","GQ","Equatorial Guinea",9
"android.bakdoor.prizmes","SR","Suriname",9
"android.bakdoor.prizmes","DJ","Djibouti",1
"android.bakdoor.prizmes","TH","Thailand",568
"android.bakdoor.prizmes","MG","Madagascar",335
"android.bakdoor.prizmes","ZM","Zambia",257
"android.bakdoor.prizmes","AT","Austria",15
"android.bakdoor.prizmes","HU","Hungary",15
"android.bakdoor.prizmes","MX","Mexico",407
"android.bakdoor.prizmes","EU","Europe (Unknown Country)",1
"android.bakdoor.prizmes","NE","Niger",2187
"android.bakdoor.prizmes","NL","Netherlands",95
"android.bakdoor.prizmes","NG","Nigeria",4067
"android.bakdoor.prizmes","MM","Myanmar",140
"android.bakdoor.prizmes","CH","Switzerland",8
"android.bakdoor.prizmes","UZ","Uzbekistan",74
"android.bakdoor.prizmes","SV","El Salvador",2
"android.bakdoor.prizmes","ZW","Zimbabwe",1606
"android.bakdoor.prizmes","TR","Turkey",1247
"android.bakdoor.prizmes","TG","Togo",326
"android.bakdoor.prizmes","HR","Croatia",7
"android.bakdoor.prizmes","SG","Singapore",57
"android.bakdoor.prizmes","GR","Greece",332
"android.bakdoor.prizmes","BZ","Belize",2
"android.bakdoor.prizmes","CU","Cuba",112
"android.bakdoor.prizmes","ES","Spain",164
"android.bakdoor.prizmes","OM","Oman",18
"android.bakdoor.prizmes","CG","Congo",253
"android.bakdoor.prizmes","AO","Angola",1485
"android.bakdoor.prizmes","CO","Colombia",233
"android.bakdoor.prizmes","TL","Timor-Leste",7
"android.bakdoor.prizmes","CL","Chile",35
"android.bakdoor.prizmes","MU","Mauritius",27
"android.bakdoor.prizmes","NP","Nepal",161
"android.bakdoor.prizmes","PL","Poland",59
"android.bakdoor.prizmes","BI","Burundi",33
"android.bakdoor.prizmes","BA","Bosnia And Herzegovina",84
"android.bakdoor.prizmes","BR","Brazil",141
"android.bakdoor.prizmes","SC","Seychelles",5
"android.bakdoor.prizmes","JO","Jordan",35
"android.bakdoor.prizmes","AZ","Azerbaijan",177
"android.bakdoor.prizmes","KW","Kuwait",43
"android.bakdoor.prizmes","QA","Qatar",18
"android.bakdoor.prizmes","BW","Botswana",11
"android.bakdoor.prizmes","GW","Guinea-Bissau",1
"android.bakdoor.prizmes","MA","Morocco",614
"android.bakdoor.prizmes","MY","Malaysia",96
"android.bakdoor.prizmes","AG","Antigua And Barbuda",4
"android.bakdoor.prizmes","WS","Samoa",4
"android.bakdoor.prizmes","LU","Luxembourg",15
"android.bakdoor.prizmes","RS","Serbia",152
"android.bakdoor.prizmes","SI","Slovenia",11
"android.bakdoor.prizmes","DZ","Algeria",1601
"android.bakdoor.prizmes","BO","Bolivia",12
"android.bakdoor.prizmes","TZ","Tanzania",771
"android.bakdoor.prizmes","LA","Lao Peoples Democratic Republic",17
"android.bakdoor.prizmes","PY","Paraguay",8
"android.bakdoor.prizmes","ID","Indonesia",3068
"android.bakdoor.prizmes","SY","Syrian Arab Republic",1813
"android.bakdoor.prizmes","JP","Japan",17
"android.bakdoor.prizmes","CD","Democratic Republic Of The Congo",1443
"android.bakdoor.prizmes","BD","Bangladesh",520
"android.bakdoor.prizmes","GN","Guinea",88
"android.bakdoor.prizmes","SD","Sudan",552
"android.bakdoor.prizmes","VN","Viet Nam",28
"android.bakdoor.prizmes","IQ","Iraq",1763
"android.bakdoor.prizmes","ML","Mali",517
"android.bakdoor.prizmes","HN","Honduras",4
"android.bakdoor.prizmes","FR","France",181
"android.bakdoor.prizmes","LV","Latvia",5
"android.bakdoor.prizmes","MD","Moldova",38
"android.bakdoor.prizmes","PT","Portugal",96
"android.bakdoor.prizmes","KR","South Korea",5
"android.bakdoor.prizmes","DK","Denmark",16
"android.bakdoor.prizmes","GA","Gabon",102
"android.bakdoor.prizmes","ET","Ethiopia",3135
"android.bakdoor.prizmes","KZ","Kazakhstan",27
"android.bakdoor.prizmes","BH","Bahrain",15
"android.bakdoor.prizmes","GE","Georgia",29
"android.bakdoor.prizmes","AU","Australia",11
"android.bakdoor.prizmes","UY","Uruguay",659
"android.bakdoor.prizmes","EE","Estonia",1
"android.bakdoor.prizmes","FJ","Fiji",2
"android.bakdoor.prizmes","CN","China",693
"android.bakdoor.prizmes","SK","Slovakia (Slovak Republic)",40
"android.bakdoor.prizmes","MZ","Mozambique",36
"android.bakdoor.prizmes","TM","Turkmenistan",1
"android.bakdoor.prizmes","PK","Pakistan",6790
"android.bakdoor.prizmes","ST","Sao Tome And Principe",9
"android.bakdoor.prizmes","SA","Saudi Arabia",235
"android.bakdoor.prizmes","SS","South Sudan",16
"android.bakdoor.prizmes","GI","Gibraltar",1
"android.bakdoor.prizmes","SL","Sierra Leone",54
"android.bakdoor.prizmes","GT","Guatemala",7
"android.bakdoor.prizmes","YE","Yemen",300
"android.bakdoor.prizmes","AE","United Arab Emirates",146
"android.bakdoor.prizmes","GH","Ghana",1805
"android.bakdoor.prizmes","SB","Solomon Islands",12
"android.bakdoor.prizmes","BJ","Benin",738
"android.bakdoor.prizmes","ZA","South Africa",212
"android.bakdoor.prizmes","NC","New Caledonia",2
"android.bakdoor.prizmes","GM","Gambia",20
"android.bakdoor.prizmes","MV","Maldives",24
"android.bakdoor.prizmes","BF","Burkina Faso",2525
"android.bakdoor.prizmes","RE","Reunion",4
"android.bakdoor.prizmes","TN","Tunisia",56
"android.bakdoor.prizmes","SN","Senegal",121
"android.bakdoor.prizmes","BE","Belgium",26
"android.bakdoor.prizmes","SX","Sint Maarten",1
"android.bakdoor.prizmes","CZ","Czech Republic",96
"android.bakdoor.prizmes","UA","Ukraine",297
"android.bakdoor.prizmes","EC","Ecuador",16
"android.bakdoor.prizmes","TO","Tonga",4
"android.bakdoor.prizmes","NI","Nicaragua",7
"android.bakdoor.prizmes","AR","Argentina",111
"android.bakdoor.prizmes","IT","Italy",208
"android.bakdoor.prizmes","TW","Taiwan Province Of China",47
"android.bakdoor.prizmes","HK","Hong Kong",19
"android.bankbot","HK","Hong Kong",1
"android.bankbot","BE","Belgium",2
"android.bankbot","JP","Japan",1
"android.bankbot","BR","Brazil",1
"android.bankbot","NL","Netherlands",1
"android.bankbot","US","United States",4
"android.bankbot","DE","Germany",1
"android.bankbot","RU","Russian Federation",1
"android.banker.anubis","US","United States",3
"android.banker.anubis","UK","United Kingdom",1
"android.banker.anubis","DE","Germany",1
"android.banker.anubis","RU","Russian Federation",19
"android.banker.anubis","KR","South Korea",1
"android.banker.anubis","PL","Poland",1
"android.digitime.fota","UK","United Kingdom",1
"android.digitime.fota","US","United States",2
"android.digitime.fota","RU","Russian Federation",2
"android.digitime.fota","BE","Belgium",1
"android.fakeav","KZ","Kazakhstan",27
"android.fakeav","LV","Latvia",1
"android.fakeav","GE","Georgia",1
"android.fakeav","PK","Pakistan",1
"android.fakeav","EE","Estonia",1
"android.fakeav","UA","Ukraine",57
"android.fakeav","PL","Poland",1
"android.fakeav","AZ","Azerbaijan",13
"android.fakeav","LU","Luxembourg",1
"android.fakeav","DE","Germany",3
"android.fakeav","AM","Armenia",1
"android.fakeav","US","United States",5
"android.fakeav","UZ","Uzbekistan",788
"android.fakeav","CU","Cuba",137
"android.fakeav","LB","Lebanon",1
"android.fakeav","MN","Mongolia",1
"android.fakeav","IR","Iran (Islamic Republic Of)",42
"android.fakeav","RU","Russian Federation",248
"android.fakeav","AF","Afghanistan",220
"android.fakeav","TJ","Tajikistan",255
"android.fakeav","KG","Kyrgyzstan",15
"android.fakeav","BY","Belarus",23
"android.fakebank","US","United States",5
"android.fakebank","UZ","Uzbekistan",145
"android.fakebank","TR","Turkey",2
"android.fakebank","SG","Singapore",1
"android.fakebank","CA","Canada",1
"android.fakebank","BY","Belarus",2
"android.fakebank","TJ","Tajikistan",357
"android.fakebank","RU","Russian Federation",41
"android.fakebank","KG","Kyrgyzstan",21
"android.fakebank","FR","France",1
"android.fakebank","UA","Ukraine",1
"android.fobus","SC","Seychelles",1
"android.fobus","DE","Germany",1
"android.fobus","US","United States",1
"android.fobus","RU","Russian Federation",1
"android.fungram","JP","Japan",1
"android.fungram","FR","France",3
"android.fungram","UA","Ukraine",1
"android.fungram","IE","Ireland",1
"android.fungram","IR","Iran (Islamic Republic Of)",153
"android.fungram","AF","Afghanistan",7
"android.fungram","RU","Russian Federation",1
"android.fungram","CA","Canada",3
"android.fungram","FI","Finland",1
"android.fungram","DE","Germany",4
"android.fungram","US","United States",8
"android.fungram","NL","Netherlands",5
"android.fungram","SG","Singapore",1
"android.gopl","PK","Pakistan",1
"android.gopl","KZ","Kazakhstan",1
"android.gopl","ET","Ethiopia",9
"android.gopl","MD","Moldova",1
"android.gopl","FR","France",1
"android.gopl","HN","Honduras",1
"android.gopl","IT","Italy",1
"android.gopl","AR","Argentina",2
"android.gopl","CZ","Czech Republic",1
"android.gopl","BE","Belgium",1
"android.gopl","UA","Ukraine",1
"android.gopl","NI","Nicaragua",1
"android.gopl","SN","Senegal",4
"android.gopl","ZA","South Africa",2
"android.gopl","GH","Ghana",1
"android.gopl","YE","Yemen",5
"android.gopl","MY","Malaysia",1
"android.gopl","BW","Botswana",1
"android.gopl","JO","Jordan",1
"android.gopl","PL","Poland",1
"android.gopl","NP","Nepal",1
"android.gopl","IQ","Iraq",5
"android.gopl","BD","Bangladesh",5
"android.gopl","SD","Sudan",4
"android.gopl","ID","Indonesia",8
"android.gopl","SY","Syrian Arab Republic",1
"android.gopl","CD","Democratic Republic Of The Congo",2
"android.gopl","BO","Bolivia",4
"android.gopl","DZ","Algeria",5
"android.gopl","RS","Serbia",2
"android.gopl","MX","Mexico",7
"android.gopl","TH","Thailand",1
"android.gopl","US","United States",9
"android.gopl","DE","Germany",4
"android.gopl","PH","Philippines",3
"android.gopl","AL","Albania",1
"android.gopl","OM","Oman",1
"android.gopl","CO","Colombia",1
"android.gopl","ES","Spain",1
"android.gopl","CU","Cuba",2
"android.gopl","ZW","Zimbabwe",2
"android.gopl","TG","Togo",1
"android.gopl","TR","Turkey",3
"android.gopl","UZ","Uzbekistan",2
"android.gopl","MM","Myanmar",9
"android.gopl","NG","Nigeria",7
"android.gopl","KE","Kenya",7
"android.gopl","IR","Iran (Islamic Republic Of)",6
"android.gopl","PE","Peru",1
"android.gopl","NO","Norway",1
"android.gopl","EG","Egypt",2
"android.gopl","LY","Libyan Arab Jamahiriya",4
"android.gopl","BY","Belarus",2
"android.gopl","IN","India",15
"android.gopl","AF","Afghanistan",3
"android.gopl","RU","Russian Federation",6
"android.gopl","TJ","Tajikistan",4
"android.hqwar","UZ","Uzbekistan",8
"android.hqwar","SG","Singapore",1
"android.hqwar","US","United States",7
"android.hqwar","SE","Sweden",1
"android.hqwar","RU","Russian Federation",75
"android.hqwar","KG","Kyrgyzstan",1
"android.hqwar","CZ","Czech Republic",1
"android.hqwar","KZ","Kazakhstan",1
"android.hqwar","BR","Brazil",1
"android.hummer","MD","Moldova",128
"android.hummer","LV","Latvia",73
"android.hummer","PT","Portugal",385
"android.hummer","DK","Denmark",4
"android.hummer","GA","Gabon",1041
"android.hummer","KR","South Korea",99
"android.hummer","CV","Cape Verde",47
"android.hummer","KZ","Kazakhstan",406
"android.hummer","ET","Ethiopia",4843
"android.hummer","ML","Mali",1464
"android.hummer","HN","Honduras",1017
"android.hummer","FR","France",3246
"android.hummer","EE","Estonia",13
"android.hummer","CN","China",2416
"android.hummer","SK","Slovakia (Slovak Republic)",30
"android.hummer","FJ","Fiji",60
"android.hummer","ER","Eritrea",1
"android.hummer","TM","Turkmenistan",2
"android.hummer","MZ","Mozambique",1103
"android.hummer","PK","Pakistan",3333
"android.hummer","BH","Bahrain",66
"android.hummer","GE","Georgia",329
"android.hummer","AU","Australia",68
"android.hummer","UY","Uruguay",74
"android.hummer","SB","Solomon Islands",17
"android.hummer","BJ","Benin",947
"android.hummer","NC","New Caledonia",1
"android.hummer","ZA","South Africa",3277
"android.hummer","IS","Iceland",1
"android.hummer","SA","Saudi Arabia",795
"android.hummer","ST","Sao Tome And Principe",11
"android.hummer","SS","South Sudan",150
"android.hummer","SL","Sierra Leone",470
"android.hummer","GH","Ghana",4779
"android.hummer","GT","Guatemala",361
"android.hummer","YT","Mayotte",7
"android.hummer","YE","Yemen",1358
"android.hummer","AE","United Arab Emirates",1174
"android.hummer","IT","Italy",588
"android.hummer","AR","Argentina",1526
"android.hummer","AD","Andorra",2
"android.hummer","TW","Taiwan Province Of China",477
"android.hummer","HK","Hong Kong",75
"android.hummer","BF","Burkina Faso",1081
"android.hummer","MV","Maldives",13
"android.hummer","GM","Gambia",324
"android.hummer","LS","Lesotho",111
"android.hummer","PR","Puerto Rico",18
"android.hummer","SN","Senegal",2075
"android.hummer","TN","Tunisia",1456
"android.hummer","RE","Reunion",44
"android.hummer","CZ","Czech Republic",134
"android.hummer","BE","Belgium",67
"android.hummer","UA","Ukraine",5314
"android.hummer","TO","Tonga",5
"android.hummer","NI","Nicaragua",1792
"android.hummer","EC","Ecuador",1048
"android.hummer","BA","Bosnia And Herzegovina",261
"android.hummer","SC","Seychelles",3
"android.hummer","JO","Jordan",434
"android.hummer","BR","Brazil",2379
"android.hummer","CL","Chile",303
"android.hummer","TL","Timor-Leste",43
"android.hummer","MU","Mauritius",37
"android.hummer","VC","Saint Vincent And The Grenadines",7
"android.hummer","BI","Burundi",523
"android.hummer","PL","Poland",263
"android.hummer","NP","Nepal",1196
"android.hummer","BW","Botswana",72
"android.hummer","QA","Qatar",194
"android.hummer","MY","Malaysia",529
"android.hummer","MA","Morocco",2455
"android.hummer","GW","Guinea-Bissau",47
"android.hummer","AZ","Azerbaijan",579
"android.hummer","KW","Kuwait",236
"android.hummer","BO","Bolivia",5379
"android.hummer","DZ","Algeria",5866
"android.hummer","TZ","Tanzania",3449
"android.hummer","LA","Lao Peoples Democratic Republic",101
"android.hummer","PY","Paraguay",241
"android.hummer","AG","Antigua And Barbuda",3
"android.hummer","LU","Luxembourg",24
"android.hummer","SZ","Swaziland",272
"android.hummer","SI","Slovenia",16
"android.hummer","GF","French Guiana",27
"android.hummer","RS","Serbia",329
"android.hummer","BD","Bangladesh",5739
"android.hummer","SD","Sudan",4636
"android.hummer","CK","Cook Islands",2
"android.hummer","GN","Guinea",572
"android.hummer","VN","Viet Nam",934
"android.hummer","IQ","Iraq",3295
"android.hummer","SY","Syrian Arab Republic",2911
"android.hummer","ID","Indonesia",53635
"android.hummer","CD","Democratic Republic Of The Congo",2080
"android.hummer","JP","Japan",92
"android.hummer","DM","Dominica",4
"android.hummer","LT","Lithuania",163
"android.hummer","US","United States",1679
"android.hummer","CY","Cyprus",5
"android.hummer","TD","Chad",184
"android.hummer","UK","United Kingdom",550
"android.hummer","AM","Armenia",206
"android.hummer","SO","Somalia",405
"android.hummer","GQ","Equatorial Guinea",16
"android.hummer","RO","Romania",369
"android.hummer","BN","Brunei Darussalam",15
"android.hummer","MR","Mauritania",777
"android.hummer","TT","Trinidad And Tobago",62
"android.hummer","AL","Albania",104
"android.hummer","NA","Namibia",53
"android.hummer","MT","Malta",3
"android.hummer","PH","Philippines",8725
"android.hummer","DE","Germany",759
"android.hummer","FI","Finland",327
"android.hummer","AT","Austria",25
"android.hummer","HU","Hungary",98
"android.hummer","MX","Mexico",10241
"android.hummer","DJ","Djibouti",23
"android.hummer","SR","Suriname",16
"android.hummer","MG","Madagascar",725
"android.hummer","ZM","Zambia",1121
"android.hummer","PA","Panama",31
"android.hummer","TH","Thailand",837
"android.hummer","MM","Myanmar",1408
"android.hummer","CH","Switzerland",30
"android.hummer","NL","Netherlands",221
"android.hummer","EU","Europe (Unknown Country)",2
"android.hummer","NE","Niger",977
"android.hummer","NG","Nigeria",7166
"android.hummer","ES","Spain",562
"android.hummer","CU","Cuba",2317
"android.hummer","BZ","Belize",2
"android.hummer","VI","Us Virgin Islands",1
"android.hummer","OM","Oman",276
"android.hummer","AO","Angola",1005
"android.hummer","CO","Colombia",1044
"android.hummer","CG","Congo",332
"android.hummer","UZ","Uzbekistan",1308
"android.hummer","LC","Saint Lucia",3
"android.hummer","SV","El Salvador",337
"android.hummer","ZW","Zimbabwe",673
"android.hummer","TG","Togo",2392
"android.hummer","GR","Greece",194
"android.hummer","SG","Singapore",253
"android.hummer","HR","Croatia",322
"android.hummer","TR","Turkey",1343
"android.hummer","LB","Lebanon",180
"android.hummer","CF","Central African Republic",35
"android.hummer","LR","Liberia",138
"android.hummer","MN","Mongolia",87
"android.hummer","KM","Comoros",41
"android.hummer","BT","Bhutan",14
"android.hummer","BS","Bahamas",4
"android.hummer","PE","Peru",8640
"android.hummer","MQ","Martinique",33
"android.hummer","GD","Grenada",5
"android.hummer","NO","Norway",13
"android.hummer","CW","Curacao",13
"android.hummer","ME","Montenegro",86
"android.hummer","EG","Egypt",1819
"android.hummer","GY","Guyana",428
"android.hummer","PG","Papua New Guinea",140
"android.hummer","IR","Iran (Islamic Republic Of)",18348
"android.hummer","BG","Bulgaria",121
"android.hummer","KY","Cayman Islands",2
"android.hummer","VE","Venezuela",2412
"android.hummer","KE","Kenya",9929
"android.hummer","GP","Guadeloupe",33
"android.hummer","PS","Palestinian Territories",95
"android.hummer","DO","Dominican Republic",233
"android.hummer","IE","Ireland",24
"android.hummer","JM","Jamaica",108
"android.hummer","IN","India",56315
"android.hummer","HT","Haiti",241
"android.hummer","KG","Kyrgyzstan",306
"android.hummer","KH","Cambodia",163
"android.hummer","CR","Costa Rica",145
"android.hummer","RW","Rwanda",553
"android.hummer","TJ","Tajikistan",770
"android.hummer","SE","Sweden",39
"android.hummer","CM","Cameroon",1385
"android.hummer","MO","Macau",1
"android.hummer","NZ","New Zealand",24
"android.hummer","RU","Russian Federation",9020
"android.hummer","AF","Afghanistan",3074
"android.hummer","CI","Cote D Ivoire",1965
"android.hummer","UG","Uganda",1435
"android.hummer","LY","Libyan Arab Jamahiriya",1589
"android.hummer","BB","Barbados",14
"android.hummer","MK","Macedonia",41
"android.hummer","LK","Sri Lanka",1179
"android.hummer","IL","Israel",66
"android.hummer","CA","Canada",387
"android.hummer","MW","Malawi",362
"android.hummer","BY","Belarus",462
"android.iop","HK","Hong Kong",2
"android.iop","TW","Taiwan Province Of China",3
"android.iop","AR","Argentina",35
"android.iop","IT","Italy",9
"android.iop","UA","Ukraine",28
"android.iop","EC","Ecuador",4
"android.iop","NI","Nicaragua",5
"android.iop","CZ","Czech Republic",1
"android.iop","TN","Tunisia",1
"android.iop","SN","Senegal",4
"android.iop","LS","Lesotho",74
"android.iop","GM","Gambia",2
"android.iop","BF","Burkina Faso",3
"android.iop","ZA","South Africa",638
"android.iop","SB","Solomon Islands",16
"android.iop","YE","Yemen",390
"android.iop","GT","Guatemala",19
"android.iop","AE","United Arab Emirates",4
"android.iop","GH","Ghana",19
"android.iop","SL","Sierra Leone",1
"android.iop","SA","Saudi Arabia",9
"android.iop","MZ","Mozambique",16
"android.iop","PK","Pakistan",83
"android.iop","CN","China",5
"android.iop","UY","Uruguay",3
"android.iop","AU","Australia",2
"android.iop","BH","Bahrain",1
"android.iop","ET","Ethiopia",238
"android.iop","KZ","Kazakhstan",3
"android.iop","LV","Latvia",1
"android.iop","MD","Moldova",2
"android.iop","FR","France",10
"android.iop","HN","Honduras",2
"android.iop","ML","Mali",1
"android.iop","IQ","Iraq",54
"android.iop","VN","Viet Nam",17
"android.iop","GN","Guinea",4
"android.iop","SD","Sudan",584
"android.iop","BD","Bangladesh",82
"android.iop","JP","Japan",3
"android.iop","CD","Democratic Republic Of The Congo",7
"android.iop","SY","Syrian Arab Republic",176
"android.iop","ID","Indonesia",338
"android.iop","TZ","Tanzania",23
"android.iop","DZ","Algeria",68
"android.iop","BO","Bolivia",3
"android.iop","RS","Serbia",2
"android.iop","SZ","Swaziland",36
"android.iop","MA","Morocco",23
"android.iop","MY","Malaysia",15
"android.iop","AZ","Azerbaijan",6
"android.iop","BR","Brazil",45
"android.iop","JO","Jordan",6
"android.iop","NP","Nepal",25
"android.iop","PL","Poland",3
"android.iop","AO","Angola",18
"android.iop","CO","Colombia",99
"android.iop","CG","Congo",1
"android.iop","OM","Oman",4
"android.iop","CU","Cuba",281
"android.iop","ES","Spain",13
"android.iop","TR","Turkey",1
"android.iop","TG","Togo",8
"android.iop","SG","Singapore",6
"android.iop","GR","Greece",2
"android.iop","ZW","Zimbabwe",124
"android.iop","SV","El Salvador",2
"android.iop","UZ","Uzbekistan",43
"android.iop","MM","Myanmar",108
"android.iop","NG","Nigeria",178
"android.iop","NE","Niger",122
"android.iop","NL","Netherlands",3
"android.iop","MX","Mexico",298
"android.iop","HU","Hungary",1
"android.iop","PA","Panama",1
"android.iop","TH","Thailand",19
"android.iop","MG","Madagascar",17
"android.iop","ZM","Zambia",1
"android.iop","SO","Somalia",10
"android.iop","AM","Armenia",1
"android.iop","UK","United Kingdom",174
"android.iop","US","United States",118
"android.iop","PH","Philippines",116
"android.iop","DE","Germany",4
"android.iop","BN","Brunei Darussalam",2
"android.iop","RO","Romania",10
"android.iop","LY","Libyan Arab Jamahiriya",181
"android.iop","UG","Uganda",5
"android.iop","BY","Belarus",7
"android.iop","MW","Malawi",23
"android.iop","CA","Canada",3
"android.iop","LK","Sri Lanka",5
"android.iop","MK","Macedonia",1
"android.iop","RW","Rwanda",3
"android.iop","IN","India",229
"android.iop","CI","Cote D Ivoire",1
"android.iop","RU","Russian Federation",66
"android.iop","AF","Afghanistan",43
"android.iop","CM","Cameroon",32
"android.iop","SE","Sweden",3
"android.iop","TJ","Tajikistan",18
"android.iop","KE","Kenya",31
"android.iop","VE","Venezuela",78
"android.iop","BG","Bulgaria",2
"android.iop","KY","Cayman Islands",1
"android.iop","IR","Iran (Islamic Republic Of)",452
"android.iop","PG","Papua New Guinea",3
"android.iop","JM","Jamaica",3
"android.iop","GD","Grenada",1
"android.iop","PE","Peru",7
"android.iop","MN","Mongolia",3
"android.iop","LB","Lebanon",10
"android.iop","EG","Egypt",62
"android.provar","CD","Democratic Republic Of The Congo",18
"android.provar","SD","Sudan",19
"android.provar","FR","France",1
"android.provar","DK","Denmark",1
"android.provar","TM","Turkmenistan",5
"android.provar","BE","Belgium",1
"android.provar","IR","Iran (Islamic Republic Of)",9
"android.provar","RU","Russian Federation",4
"android.provar","AF","Afghanistan",742
"android.provar","TJ","Tajikistan",39
"android.provar","KG","Kyrgyzstan",3
"android.provar","CA","Canada",1
"android.provar","LY","Libyan Arab Jamahiriya",39
"android.provar","DE","Germany",2
"android.provar","UK","United Kingdom",1
"android.provar","US","United States",9
"android.provar","NL","Netherlands",1
"android.provar","TR","Turkey",1
"android.provar","SG","Singapore",1
"android.provar","UZ","Uzbekistan",85
"android.provar","AO","Angola",513
"android.rootnik","KH","Cambodia",4
"android.rootnik","CR","Costa Rica",10
"android.rootnik","RW","Rwanda",7
"android.rootnik","IN","India",1733
"android.rootnik","HT","Haiti",19
"android.rootnik","KG","Kyrgyzstan",9
"android.rootnik","NZ","New Zealand",221
"android.rootnik","AF","Afghanistan",981
"android.rootnik","RU","Russian Federation",365
"android.rootnik","CI","Cote D Ivoire",52
"android.rootnik","SE","Sweden",2
"android.rootnik","TJ","Tajikistan",93
"android.rootnik","CM","Cameroon",81
"android.rootnik","BB","Barbados",7
"android.rootnik","UG","Uganda",63
"android.rootnik","LY","Libyan Arab Jamahiriya",481
"android.rootnik","MW","Malawi",69
"android.rootnik","BY","Belarus",40
"android.rootnik","MK","Macedonia",11
"android.rootnik","LK","Sri Lanka",173
"android.rootnik","CA","Canada",6
"android.rootnik","BS","Bahamas",1
"android.rootnik","PE","Peru",322
"android.rootnik","MQ","Martinique",2
"android.rootnik","GD","Grenada",1
"android.rootnik","LB","Lebanon",57
"android.rootnik","LR","Liberia",5
"android.rootnik","MN","Mongolia",4
"android.rootnik","EG","Egypt",505
"android.rootnik","BG","Bulgaria",39
"android.rootnik","VE","Venezuela",236
"android.rootnik","KE","Kenya",728
"android.rootnik","PG","Papua New Guinea",26
"android.rootnik","IR","Iran (Islamic Republic Of)",3466
"android.rootnik","JM","Jamaica",8
"android.rootnik","DO","Dominican Republic",24
"android.rootnik","MM","Myanmar",1004
"android.rootnik","PF","French Polynesia",1
"android.rootnik","CH","Switzerland",1
"android.rootnik","MF","Saint Martin",1
"android.rootnik","NG","Nigeria",1025
"android.rootnik","NL","Netherlands",4
"android.rootnik","NE","Niger",73
"android.rootnik","OM","Oman",24
"android.rootnik","CG","Congo",46
"android.rootnik","CO","Colombia",167
"android.rootnik","AO","Angola",200
"android.rootnik","ES","Spain",17
"android.rootnik","BZ","Belize",1
"android.rootnik","CU","Cuba",364
"android.rootnik","ZW","Zimbabwe",22
"android.rootnik","TG","Togo",69
"android.rootnik","SG","Singapore",22
"android.rootnik","GR","Greece",7
"android.rootnik","HR","Croatia",5
"android.rootnik","TR","Turkey",287
"android.rootnik","UZ","Uzbekistan",270
"android.rootnik","SV","El Salvador",15
"android.rootnik","AM","Armenia",15
"android.rootnik","GQ","Equatorial Guinea",3
"android.rootnik","SO","Somalia",3
"android.rootnik","LT","Lithuania",4
"android.rootnik","US","United States",275
"android.rootnik","TD","Chad",31
"android.rootnik","UK","United Kingdom",97
"android.rootnik","PH","Philippines",544
"android.rootnik","FI","Finland",1
"android.rootnik","DE","Germany",30
"android.rootnik","BN","Brunei Darussalam",3
"android.rootnik","RO","Romania",19
"android.rootnik","MR","Mauritania",13
"android.rootnik","KN","Saint Kitts And Nevis",1
"android.rootnik","TT","Trinidad And Tobago",6
"android.rootnik","AL","Albania",4
"android.rootnik","NA","Namibia",3
"android.rootnik","MX","Mexico",936
"android.rootnik","HU","Hungary",4
"android.rootnik","ZM","Zambia",56
"android.rootnik","MG","Madagascar",65
"android.rootnik","PA","Panama",4
"android.rootnik","TH","Thailand",133
"android.rootnik","SR","Suriname",4
"android.rootnik","TZ","Tanzania",211
"android.rootnik","LA","Lao Peoples Democratic Republic",8
"android.rootnik","PY","Paraguay",16
"android.rootnik","BO","Bolivia",130
"android.rootnik","DZ","Algeria",962
"android.rootnik","SZ","Swaziland",21
"android.rootnik","SI","Slovenia",2
"android.rootnik","RS","Serbia",13
"android.rootnik","AG","Antigua And Barbuda",1
"android.rootnik","WS","Samoa",6
"android.rootnik","IQ","Iraq",196
"android.rootnik","VN","Viet Nam",22
"android.rootnik","BD","Bangladesh",1219
"android.rootnik","SD","Sudan",1335
"android.rootnik","GN","Guinea",41
"android.rootnik","SY","Syrian Arab Republic",1887
"android.rootnik","ID","Indonesia",1329
"android.rootnik","CD","Democratic Republic Of The Congo",121
"android.rootnik","JP","Japan",1
"android.rootnik","JO","Jordan",30
"android.rootnik","BR","Brazil",265
"android.rootnik","BA","Bosnia And Herzegovina",4
"android.rootnik","MU","Mauritius",14
"android.rootnik","BI","Burundi",42
"android.rootnik","PL","Poland",22
"android.rootnik","NP","Nepal",84
"android.rootnik","AS","American Samoa",1
"android.rootnik","TL","Timor-Leste",1
"android.rootnik","CL","Chile",15
"android.rootnik","MY","Malaysia",67
"android.rootnik","MA","Morocco",175
"android.rootnik","QA","Qatar",7
"android.rootnik","BW","Botswana",7
"android.rootnik","KW","Kuwait",2
"android.rootnik","AZ","Azerbaijan",36
"android.rootnik","ZA","South Africa",277
"android.rootnik","BJ","Benin",119
"android.rootnik","SL","Sierra Leone",13
"android.rootnik","GH","Ghana",143
"android.rootnik","GT","Guatemala",63
"android.rootnik","YE","Yemen",834
"android.rootnik","AE","United Arab Emirates",13
"android.rootnik","SA","Saudi Arabia",43
"android.rootnik","TW","Taiwan Province Of China",8
"android.rootnik","HK","Hong Kong",8
"android.rootnik","IT","Italy",18
"android.rootnik","AR","Argentina",84
"android.rootnik","CZ","Czech Republic",17
"android.rootnik","BE","Belgium",5
"android.rootnik","NI","Nicaragua",40
"android.rootnik","UA","Ukraine",126
"android.rootnik","EC","Ecuador",26
"android.rootnik","BF","Burkina Faso",23
"android.rootnik","GM","Gambia",6
"android.rootnik","LS","Lesotho",4
"android.rootnik","SN","Senegal",119
"android.rootnik","TN","Tunisia",46
"android.rootnik","RE","Reunion",8
"android.rootnik","GA","Gabon",6
"android.rootnik","KR","South Korea",3
"android.rootnik","CV","Cape Verde",11
"android.rootnik","KZ","Kazakhstan",24
"android.rootnik","ET","Ethiopia",1863
"android.rootnik","MD","Moldova",5
"android.rootnik","LV","Latvia",2
"android.rootnik","PT","Portugal",16
"android.rootnik","FR","France",79
"android.rootnik","HN","Honduras",10
"android.rootnik","ML","Mali",72
"android.rootnik","PK","Pakistan",615
"android.rootnik","MZ","Mozambique",30
"android.rootnik","EE","Estonia",6
"android.rootnik","SK","Slovakia (Slovak Republic)",2
"android.rootnik","CN","China",80
"android.rootnik","UY","Uruguay",8
"android.rootnik","GE","Georgia",25
"android.rootnik","BH","Bahrain",3
"android.rootnik","AU","Australia",8
"android.skyfin","UZ","Uzbekistan",19
"android.skyfin","SV","El Salvador",1
"android.skyfin","ZW","Zimbabwe",1
"android.skyfin","TR","Turkey",16
"android.skyfin","SG","Singapore",4
"android.skyfin","TG","Togo",1
"android.skyfin","CU","Cuba",170
"android.skyfin","ES","Spain",1
"android.skyfin","OM","Oman",12
"android.skyfin","AO","Angola",43
"android.skyfin","CO","Colombia",4
"android.skyfin","CG","Congo",7
"android.skyfin","NE","Niger",4
"android.skyfin","NG","Nigeria",127
"android.skyfin","MM","Myanmar",32
"android.skyfin","SR","Suriname",1
"android.skyfin","MG","Madagascar",8
"android.skyfin","HU","Hungary",2
"android.skyfin","MX","Mexico",41
"android.skyfin","PH","Philippines",12
"android.skyfin","DE","Germany",1
"android.skyfin","US","United States",8
"android.skyfin","LT","Lithuania",1
"android.skyfin","UK","United Kingdom",1
"android.skyfin","TD","Chad",15
"android.skyfin","AM","Armenia",2
"android.skyfin","LK","Sri Lanka",26
"android.skyfin","MW","Malawi",3
"android.skyfin","BY","Belarus",4
"android.skyfin","LY","Libyan Arab Jamahiriya",14
"android.skyfin","UG","Uganda",1
"android.skyfin","TJ","Tajikistan",11
"android.skyfin","CI","Cote D Ivoire",9
"android.skyfin","AF","Afghanistan",89
"android.skyfin","RU","Russian Federation",14
"android.skyfin","IN","India",122
"android.skyfin","HT","Haiti",1
"android.skyfin","KH","Cambodia",5
"android.skyfin","RW","Rwanda",2
"android.skyfin","IR","Iran (Islamic Republic Of)",196
"android.skyfin","BG","Bulgaria",2
"android.skyfin","KE","Kenya",45
"android.skyfin","VE","Venezuela",14
"android.skyfin","GY","Guyana",1
"android.skyfin","EG","Egypt",17
"android.skyfin","LB","Lebanon",2
"android.skyfin","PE","Peru",2
"android.skyfin","LS","Lesotho",3
"android.skyfin","SN","Senegal",1
"android.skyfin","BE","Belgium",1
"android.skyfin","UA","Ukraine",14
"android.skyfin","AR","Argentina",3
"android.skyfin","SA","Saudi Arabia",1
"android.skyfin","SL","Sierra Leone",1
"android.skyfin","AE","United Arab Emirates",1
"android.skyfin","YE","Yemen",407
"android.skyfin","GT","Guatemala",7
"android.skyfin","GH","Ghana",6
"android.skyfin","ZA","South Africa",47
"android.skyfin","GE","Georgia",1
"android.skyfin","PK","Pakistan",50
"android.skyfin","MZ","Mozambique",48
"android.skyfin","HN","Honduras",5
"android.skyfin","ML","Mali",17
"android.skyfin","FR","France",2
"android.skyfin","ET","Ethiopia",89
"android.skyfin","SY","Syrian Arab Republic",77
"android.skyfin","ID","Indonesia",37
"android.skyfin","CD","Democratic Republic Of The Congo",27
"android.skyfin","BD","Bangladesh",102
"android.skyfin","SD","Sudan",25
"android.skyfin","IQ","Iraq",7
"android.skyfin","DZ","Algeria",28
"android.skyfin","BO","Bolivia",8
"android.skyfin","TZ","Tanzania",48
"android.skyfin","AZ","Azerbaijan",2
"android.skyfin","NP","Nepal",11
"android.skyfin","PL","Poland",1
"android.skyfin","BA","Bosnia And Herzegovina",1
"android.skyfin","BR","Brazil",18
"android.smsbot","CN","China",12
"android.smsbot","EE","Estonia",2
"android.smsbot","AU","Australia",1
"android.smsbot","GE","Georgia",13
"android.smsbot","MD","Moldova",12
"android.smsbot","LV","Latvia",8
"android.smsbot","KZ","Kazakhstan",140
"android.smsbot","DK","Denmark",1
"android.smsbot","FR","France",3
"android.smsbot","IT","Italy",10
"android.smsbot","HK","Hong Kong",1
"android.smsbot","TW","Taiwan Province Of China",1
"android.smsbot","UA","Ukraine",299
"android.smsbot","CZ","Czech Republic",3
"android.smsbot","SA","Saudi Arabia",1
"android.smsbot","AE","United Arab Emirates",1
"android.smsbot","AZ","Azerbaijan",27
"android.smsbot","CL","Chile",4
"android.smsbot","PL","Poland",8
"android.smsbot","VN","Viet Nam",1
"android.smsbot","IQ","Iraq",8
"android.smsbot","JP","Japan",2
"android.smsbot","LU","Luxembourg",1
"android.smsbot","AT","Austria",1
"android.smsbot","TH","Thailand",1
"android.smsbot","UK","United Kingdom",1
"android.smsbot","US","United States",53
"android.smsbot","AM","Armenia",11
"android.smsbot","PH","Philippines",1
"android.smsbot","DE","Germany",11
"android.smsbot","ES","Spain",2
"android.smsbot","UZ","Uzbekistan",126
"android.smsbot","SG","Singapore",1
"android.smsbot","TG","Togo",3
"android.smsbot","CH","Switzerland",2
"android.smsbot","NL","Netherlands",6
"android.smsbot","IR","Iran (Islamic Republic Of)",9
"android.smsbot","KE","Kenya",1
"android.smsbot","IL","Israel",7
"android.smsbot","LK","Sri Lanka",1
"android.smsbot","BY","Belarus",65
"android.smsbot","KG","Kyrgyzstan",42
"android.smsbot","SE","Sweden",1
"android.smsbot","TJ","Tajikistan",31
"android.smsbot","RU","Russian Federation",320
"android.smsspy","IR","Iran (Islamic Republic Of)",359
"android.smsspy","KG","Kyrgyzstan",18
"android.smsspy","TJ","Tajikistan",1052
"android.smsspy","RU","Russian Federation",125
"android.smsspy","AF","Afghanistan",3380
"android.smsspy","CA","Canada",1
"android.smsspy","US","United States",10
"android.smsspy","UK","United Kingdom",2
"android.smsspy","DE","Germany",7
"android.smsspy","NL","Netherlands",5
"android.smsspy","UZ","Uzbekistan",4049
"android.smsspy","TR","Turkey",2
"android.smsspy","SG","Singapore",2
"android.smsspy","KR","South Korea",3
"android.smsspy","KZ","Kazakhstan",39
"android.smsspy","FR","France",2
"android.smsspy","PK","Pakistan",6
"android.smsspy","TM","Turkmenistan",26
"android.smsspy","AE","United Arab Emirates",3
"android.smsspy","YE","Yemen",204
"android.smsspy","GM","Gambia",1
"android.smsspy","BE","Belgium",1
"android.smsspy","UA","Ukraine",27
"android.smsspy.be24","KG","Kyrgyzstan",35
"android.smsspy.be24","AF","Afghanistan",1472
"android.smsspy.be24","RU","Russian Federation",364
"android.smsspy.be24","TJ","Tajikistan",943
"android.smsspy.be24","BY","Belarus",10
"android.smsspy.be24","IL","Israel",2
"android.smsspy.be24","CA","Canada",1
"android.smsspy.be24","NO","Norway",1
"android.smsspy.be24","MN","Mongolia",7
"android.smsspy.be24","IR","Iran (Islamic Republic Of)",45
"android.smsspy.be24","NL","Netherlands",4
"android.smsspy.be24","BZ","Belize",1
"android.smsspy.be24","TR","Turkey",1
"android.smsspy.be24","SG","Singapore",4
"android.smsspy.be24","UZ","Uzbekistan",511
"android.smsspy.be24","AM","Armenia",4
"android.smsspy.be24","US","United States",52
"android.smsspy.be24","LT","Lithuania",1
"android.smsspy.be24","UK","United Kingdom",3
"android.smsspy.be24","DE","Germany",6
"android.smsspy.be24","LU","Luxembourg",1
"android.smsspy.be24","SD","Sudan",19
"android.smsspy.be24","PL","Poland",3
"android.smsspy.be24","AZ","Azerbaijan",3
"android.smsspy.be24","ZA","South Africa",1
"android.smsspy.be24","YE","Yemen",23
"android.smsspy.be24","AE","United Arab Emirates",2
"android.smsspy.be24","SA","Saudi Arabia",3
"android.smsspy.be24","TW","Taiwan Province Of China",1
"android.smsspy.be24","HK","Hong Kong",15
"android.smsspy.be24","BE","Belgium",12
"android.smsspy.be24","UA","Ukraine",43
"android.smsspy.be24","KZ","Kazakhstan",149
"android.smsspy.be24","LV","Latvia",2
"android.smsspy.be24","FR","France",8
"android.smsspy.be24","HN","Honduras",1
"android.smsspy.be24","PK","Pakistan",1
"android.smsspy.be24","TM","Turkmenistan",1
"android.smsspy.be24","CN","China",3
"android.smsspy.be24","GE","Georgia",3
"android.sssaaa","MA","Morocco",2
"android.sssaaa","JO","Jordan",2
"android.sssaaa","SD","Sudan",21
"android.sssaaa","ID","Indonesia",16
"android.sssaaa","SY","Syrian Arab Republic",3
"android.sssaaa","PY","Paraguay",2
"android.sssaaa","DZ","Algeria",1
"android.sssaaa","PK","Pakistan",9
"android.sssaaa","FJ","Fiji",1
"android.sssaaa","CN","China",11
"android.sssaaa","KZ","Kazakhstan",1
"android.sssaaa","HN","Honduras",1
"android.sssaaa","AR","Argentina",1
"android.sssaaa","BF","Burkina Faso",1
"android.sssaaa","AE","United Arab Emirates",2
"android.sssaaa","YE","Yemen",6
"android.sssaaa","BG","Bulgaria",1
"android.sssaaa","VE","Venezuela",1
"android.sssaaa","IR","Iran (Islamic Republic Of)",5
"android.sssaaa","PS","Palestinian Territories",1
"android.sssaaa","PE","Peru",1
"android.sssaaa","EG","Egypt",4
"android.sssaaa","LY","Libyan Arab Jamahiriya",9
"android.sssaaa","IL","Israel",1
"android.sssaaa","KH","Cambodia",10
"android.sssaaa","IN","India",61
"android.sssaaa","RU","Russian Federation",4
"android.sssaaa","SO","Somalia",1
"android.sssaaa","US","United States",7
"android.sssaaa","UK","United Kingdom",2
"android.sssaaa","PH","Philippines",1
"android.sssaaa","DE","Germany",1
"android.sssaaa","RO","Romania",2
"android.sssaaa","TR","Turkey",3
"android.sssaaa","SG","Singapore",1
"android.sssaaa","MM","Myanmar",11
"android.sssaaa","NG","Nigeria",5
"android.teleplus","SE","Sweden",1
"android.teleplus","TJ","Tajikistan",4
"android.teleplus","RU","Russian Federation",10
"android.teleplus","AF","Afghanistan",13
"android.teleplus","IN","India",3
"android.teleplus","CA","Canada",3
"android.teleplus","LB","Lebanon",5
"android.teleplus","IR","Iran (Islamic Republic Of)",1732
"android.teleplus","NL","Netherlands",18
"android.teleplus","NG","Nigeria",10
"android.teleplus","CH","Switzerland",4
"android.teleplus","UZ","Uzbekistan",323
"android.teleplus","SG","Singapore",16
"android.teleplus","TR","Turkey",7
"android.teleplus","ES","Spain",1
"android.teleplus","CO","Colombia",1
"android.teleplus","RO","Romania",2
"android.teleplus","DE","Germany",32
"android.teleplus","FI","Finland",2
"android.teleplus","UK","United Kingdom",37
"android.teleplus","US","United States",156
"android.teleplus","HU","Hungary",1
"android.teleplus","LU","Luxembourg",6
"android.teleplus","JP","Japan",19
"android.teleplus","ID","Indonesia",2
"android.teleplus","SD","Sudan",6
"android.teleplus","IQ","Iraq",2
"android.teleplus","KW","Kuwait",1
"android.teleplus","MY","Malaysia",2
"android.teleplus","YE","Yemen",9
"android.teleplus","AE","United Arab Emirates",1
"android.teleplus","BF","Burkina Faso",1
"android.teleplus","UA","Ukraine",1
"android.teleplus","BE","Belgium",1
"android.teleplus","IT","Italy",2
"android.teleplus","HK","Hong Kong",18
"android.teleplus","TW","Taiwan Province Of China",2
"android.teleplus","FR","France",19
"android.teleplus","ET","Ethiopia",346
"android.teleplus","KR","South Korea",9
"android.teleplus","AU","Australia",3
"android.teleplus","CN","China",756
"android.uupay","EG","Egypt",11
"android.uupay","NO","Norway",2
"android.uupay","MN","Mongolia",7
"android.uupay","KE","Kenya",30
"android.uupay","VE","Venezuela",2
"android.uupay","IR","Iran (Islamic Republic Of)",409
"android.uupay","CI","Cote D Ivoire",7
"android.uupay","RU","Russian Federation",5
"android.uupay","CM","Cameroon",22
"android.uupay","MO","Macau",1
"android.uupay","IN","India",21
"android.uupay","MW","Malawi",7
"android.uupay","CA","Canada",9
"android.uupay","UG","Uganda",6
"android.uupay","DE","Germany",15
"android.uupay","PH","Philippines",11
"android.uupay","BN","Brunei Darussalam",1
"android.uupay","RO","Romania",1
"android.uupay","UK","United Kingdom",8
"android.uupay","US","United States",50
"android.uupay","TH","Thailand",2
"android.uupay","MG","Madagascar",51
"android.uupay","ZM","Zambia",26
"android.uupay","MX","Mexico",4
"android.uupay","HU","Hungary",1
"android.uupay","NG","Nigeria",44
"android.uupay","NE","Niger",16
"android.uupay","NL","Netherlands",9
"android.uupay","MM","Myanmar",129
"android.uupay","TR","Turkey",2
"android.uupay","SG","Singapore",3
"android.uupay","TG","Togo",5
"android.uupay","ZW","Zimbabwe",13
"android.uupay","UZ","Uzbekistan",3
"android.uupay","CO","Colombia",1
"android.uupay","AO","Angola",16
"android.uupay","CG","Congo",17
"android.uupay","CU","Cuba",4
"android.uupay","ES","Spain",1
"android.uupay","NP","Nepal",3
"android.uupay","PL","Poland",3
"android.uupay","AZ","Azerbaijan",6
"android.uupay","MA","Morocco",5
"android.uupay","MY","Malaysia",37
"android.uupay","BW","Botswana",1
"android.uupay","QA","Qatar",2
"android.uupay","SI","Slovenia",1
"android.uupay","LU","Luxembourg",1
"android.uupay","LA","Lao Peoples Democratic Republic",5
"android.uupay","TZ","Tanzania",16
"android.uupay","DZ","Algeria",2
"android.uupay","JP","Japan",15
"android.uupay","CD","Democratic Republic Of The Congo",75
"android.uupay","SY","Syrian Arab Republic",21
"android.uupay","ID","Indonesia",22
"android.uupay","VN","Viet Nam",1
"android.uupay","IQ","Iraq",9
"android.uupay","SD","Sudan",30
"android.uupay","BD","Bangladesh",34
"android.uupay","FR","France",3
"android.uupay","ML","Mali",1
"android.uupay","ET","Ethiopia",9
"android.uupay","KZ","Kazakhstan",1
"android.uupay","KR","South Korea",1
"android.uupay","AU","Australia",4
"android.uupay","PK","Pakistan",20
"android.uupay","CN","China",13100
"android.uupay","SK","Slovakia (Slovak Republic)",4
"android.uupay","YE","Yemen",7
"android.uupay","AE","United Arab Emirates",2
"android.uupay","GH","Ghana",23
"android.uupay","SB","Solomon Islands",2
"android.uupay","BJ","Benin",1
"android.uupay","UA","Ukraine",8
"android.uupay","BE","Belgium",1
"android.uupay","SN","Senegal",1
"android.uupay","BF","Burkina Faso",19
"android.uupay","HK","Hong Kong",19
"android.uupay","TW","Taiwan Province Of China",35
"android.uupay","IT","Italy",1
"avalanche-dofoil","KZ","Kazakhstan",1
"avalanche-dofoil","UA","Ukraine",2
"avalanche-dofoil","AZ","Azerbaijan",1
"avalanche-dofoil","US","United States",1
"avalanche-dofoil","BY","Belarus",4
"avalanche-dofoil","KG","Kyrgyzstan",1
"avalanche-marcher","BR","Brazil",1
"avalanche-marcher","JP","Japan",1
"avalanche-marcher","AU","Australia",5
"avalanche-marcher","CN","China",5
"avalanche-marcher","FR","France",2
"avalanche-marcher","KR","South Korea",1
"avalanche-marcher","TN","Tunisia",1
"avalanche-marcher","TW","Taiwan Province Of China",1
"avalanche-marcher","IT","Italy",1
"avalanche-marcher","NZ","New Zealand",1
"avalanche-marcher","RU","Russian Federation",9
"avalanche-marcher","SE","Sweden",2
"avalanche-marcher","ZM","Zambia",2
"avalanche-marcher","DE","Germany",6
"avalanche-marcher","FI","Finland",1
"avalanche-marcher","RO","Romania",1
"avalanche-marcher","US","United States",46
"avalanche-marcher","SG","Singapore",3
"avalanche-marcher","TR","Turkey",1
"avalanche-marcher","NL","Netherlands",3
"avalanche-smartapp","RU","Russian Federation",2
"avalanche-smartapp","CA","Canada",1
"avalanche-smartapp","DE","Germany",1
"avalanche-smartapp","FI","Finland",1
"avalanche-smartapp","RO","Romania",1
"avalanche-smartapp","US","United States",31
"avalanche-smartapp","NL","Netherlands",2
"avalanche-smartapp","SG","Singapore",1
"avalanche-smartapp","CO","Colombia",1
"avalanche-smartapp","AU","Australia",2
"avalanche-smartapp","CN","China",1
"avalanche-trusteer","BE","Belgium",1
"avalanche-trusteer","FR","France",11
"avalanche-trusteer","CN","China",1
"avalanche-trusteer","SK","Slovakia (Slovak Republic)",1
"avalanche-trusteer","RU","Russian Federation",1
"avalanche-trusteer","SE","Sweden",4
"avalanche-trusteer","CA","Canada",12
"avalanche-trusteer","IR","Iran (Islamic Republic Of)",1
"avalanche-trusteer","LI","Liechtenstein",1
"avalanche-trusteer","NL","Netherlands",2
"avalanche-trusteer","SG","Singapore",1
"avalanche-trusteer","DE","Germany",2
"avalanche-trusteer","FI","Finland",1
"avalanche-trusteer","RO","Romania",1
"avalanche-trusteer","UK","United Kingdom",2
"avalanche-trusteer","US","United States",83
"avalanche-trusteer-app","US","United States",13
"avalanche-trusteer-app","UK","United Kingdom",1
"avalanche-trusteer-app","DE","Germany",4
"avalanche-trusteer-app","SG","Singapore",1
"avalanche-trusteer-app","NL","Netherlands",1
"avalanche-trusteer-app","RS","Serbia",1
"avalanche-trusteer-app","FR","France",1
"avalanche-trusteer-app","HK","Hong Kong",3
"coinminer","IL","Israel",13
"coinminer","MK","Macedonia",1
"coinminer","CA","Canada",7
"coinminer","MW","Malawi",2
"coinminer","BY","Belarus",384
"coinminer","LY","Libyan Arab Jamahiriya",1
"coinminer","CM","Cameroon",2
"coinminer","SE","Sweden",1
"coinminer","TJ","Tajikistan",14
"coinminer","CI","Cote D Ivoire",4
"coinminer","RU","Russian Federation",3208
"coinminer","AF","Afghanistan",21
"coinminer","KG","Kyrgyzstan",102
"coinminer","IN","India",516
"coinminer","KH","Cambodia",1
"coinminer","IE","Ireland",1
"coinminer","IR","Iran (Islamic Republic Of)",328
"coinminer","PG","Papua New Guinea",3
"coinminer","BG","Bulgaria",23
"coinminer","KE","Kenya",8
"coinminer","VE","Venezuela",21
"coinminer","EG","Egypt",4
"coinminer","LB","Lebanon",1
"coinminer","MN","Mongolia",42
"coinminer","BT","Bhutan",1
"coinminer","NO","Norway",1
"coinminer","UZ","Uzbekistan",121
"coinminer","ZW","Zimbabwe",1
"coinminer","TR","Turkey",62
"coinminer","SG","Singapore",1
"coinminer","HR","Croatia",1
"coinminer","GR","Greece",4
"coinminer","ES","Spain",4
"coinminer","OM","Oman",1
"coinminer","CO","Colombia",4
"coinminer","AO","Angola",1
"coinminer","EU","Europe (Unknown Country)",1
"coinminer","NL","Netherlands",9
"coinminer","NG","Nigeria",8
"coinminer","MM","Myanmar",1
"coinminer","TH","Thailand",23
"coinminer","ZM","Zambia",1
"coinminer","HU","Hungary",4
"coinminer","MX","Mexico",3
"coinminer","RO","Romania",8
"coinminer","AL","Albania",1
"coinminer","PH","Philippines",27
"coinminer","DE","Germany",26
"coinminer","US","United States",63
"coinminer","LT","Lithuania",18
"coinminer","UK","United Kingdom",9
"coinminer","AM","Armenia",45
"coinminer","SY","Syrian Arab Republic",1
"coinminer","ID","Indonesia",17
"coinminer","JP","Japan",15
"coinminer","CD","Democratic Republic Of The Congo",2
"coinminer","BD","Bangladesh",24
"coinminer","SD","Sudan",10
"coinminer","VN","Viet Nam",7
"coinminer","IQ","Iraq",18
"coinminer","AG","Antigua And Barbuda",3
"coinminer","RS","Serbia",8
"coinminer","DZ","Algeria",3
"coinminer","BO","Bolivia",1
"coinminer","TZ","Tanzania",3
"coinminer","LA","Lao Peoples Democratic Republic",1
"coinminer","PY","Paraguay",1
"coinminer","AZ","Azerbaijan",38
"coinminer","QA","Qatar",3
"coinminer","MA","Morocco",2
"coinminer","MY","Malaysia",1
"coinminer","CL","Chile",1
"coinminer","NP","Nepal",4
"coinminer","PL","Poland",49
"coinminer","BA","Bosnia And Herzegovina",6
"coinminer","BR","Brazil",21
"coinminer","JO","Jordan",2
"coinminer","TN","Tunisia",2
"coinminer","SN","Senegal",1
"coinminer","BE","Belgium",4
"coinminer","CZ","Czech Republic",15
"coinminer","EC","Ecuador",1
"coinminer","UA","Ukraine",1458
"coinminer","AR","Argentina",3
"coinminer","IT","Italy",9
"coinminer","TW","Taiwan Province Of China",23
"coinminer","HK","Hong Kong",4
"coinminer","SA","Saudi Arabia",8
"coinminer","AE","United Arab Emirates",5
"coinminer","YE","Yemen",9
"coinminer","GH","Ghana",13
"coinminer","BJ","Benin",2
"coinminer","ZA","South Africa",24
"coinminer","GE","Georgia",79
"coinminer","AU","Australia",1
"coinminer","EE","Estonia",9
"coinminer","SK","Slovakia (Slovak Republic)",3
"coinminer","CN","China",21
"coinminer","PK","Pakistan",261
"coinminer","FR","France",9
"coinminer","LV","Latvia",13
"coinminer","MD","Moldova",47
"coinminer","PT","Portugal",2
"coinminer","KR","South Korea",12
"coinminer","DK","Denmark",3
"coinminer","ET","Ethiopia",36
"coinminer","KZ","Kazakhstan",558
"dresscode","IQ","Iraq",1
"dresscode","SY","Syrian Arab Republic",1
"dresscode","PL","Poland",1
"dresscode","ZA","South Africa",1
"dresscode","ET","Ethiopia",1
"dresscode","FR","France",1
"dresscode","ML","Mali",1
"dresscode","PK","Pakistan",27
"dresscode","IN","India",1
"dresscode","AF","Afghanistan",1
"dresscode","RU","Russian Federation",3
"dresscode","JM","Jamaica",1
"dresscode","MM","Myanmar",2
"dresscode","NG","Nigeria",2
"dresscode","NE","Niger",2
"dresscode","ZW","Zimbabwe",2
"dresscode","GQ","Equatorial Guinea",1
"dresscode","US","United States",1
"flubot","ME","Montenegro",1
"flubot","EG","Egypt",7
"flubot","PE","Peru",1
"flubot","GD","Grenada",1
"flubot","NO","Norway",18
"flubot","DO","Dominican Republic",4
"flubot","IE","Ireland",121
"flubot","IR","Iran (Islamic Republic Of)",7
"flubot","VE","Venezuela",6
"flubot","BG","Bulgaria",15
"flubot","SE","Sweden",46
"flubot","CM","Cameroon",2
"flubot","MO","Macau",1
"flubot","RU","Russian Federation",127
"flubot","CI","Cote D Ivoire",1
"flubot","NZ","New Zealand",42
"flubot","IN","India",18
"flubot","KG","Kyrgyzstan",2
"flubot","KH","Cambodia",1
"flubot","CR","Costa Rica",1
"flubot","CA","Canada",38
"flubot","MK","Macedonia",3
"flubot","IL","Israel",9
"flubot","LK","Sri Lanka",2
"flubot","BY","Belarus",2
"flubot","MT","Malta",4
"flubot","AL","Albania",7
"flubot","RO","Romania",69
"flubot","FI","Finland",6
"flubot","PH","Philippines",3
"flubot","DE","Germany",3314
"flubot","UK","United Kingdom",343
"flubot","LT","Lithuania",8
"flubot","US","United States",780
"flubot","CY","Cyprus",7
"flubot","AM","Armenia",1
"flubot","TH","Thailand",8
"flubot","HU","Hungary",7
"flubot","AT","Austria",246
"flubot","MX","Mexico",6
"flubot","NL","Netherlands",185
"flubot","NG","Nigeria",28
"flubot","LI","Liechtenstein",3
"flubot","CH","Switzerland",94
"flubot","SV","El Salvador",3
"flubot","GR","Greece",10
"flubot","SG","Singapore",31
"flubot","HR","Croatia",129
"flubot","TR","Turkey",31
"flubot","ES","Spain",2254
"flubot","VG","British Virgin Islands",3
"flubot","BZ","Belize",2
"flubot","AO","Angola",2
"flubot","CL","Chile",2
"flubot","PL","Poland",32
"flubot","BA","Bosnia And Herzegovina",10
"flubot","SC","Seychelles",1
"flubot","BR","Brazil",12
"flubot","QA","Qatar",4
"flubot","MY","Malaysia",3
"flubot","MA","Morocco",25
"flubot","SI","Slovenia",8
"flubot","RS","Serbia",25
"flubot","LU","Luxembourg",12
"flubot","BO","Bolivia",1
"flubot","DZ","Algeria",9
"flubot","JP","Japan",16
"flubot","ID","Indonesia",5
"flubot","VN","Viet Nam",4
"flubot","IQ","Iraq",1
"flubot","FR","France",149
"flubot","PT","Portugal",33
"flubot","MD","Moldova",7
"flubot","ET","Ethiopia",1
"flubot","DK","Denmark",10
"flubot","KR","South Korea",12
"flubot","AU","Australia",356
"flubot","BH","Bahrain",3
"flubot","GE","Georgia",4
"flubot","UY","Uruguay",3
"flubot","CN","China",36
"flubot","SK","Slovakia (Slovak Republic)",6
"flubot","EE","Estonia",2
"flubot","PK","Pakistan",7
"flubot","IS","Iceland",5
"flubot","SA","Saudi Arabia",5
"flubot","AE","United Arab Emirates",17
"flubot","GT","Guatemala",2
"flubot","ZA","South Africa",28
"flubot","TN","Tunisia",5
"flubot","SN","Senegal",15
"flubot","UA","Ukraine",5
"flubot","EC","Ecuador",5
"flubot","CZ","Czech Republic",3
"flubot","BE","Belgium",57
"flubot","IT","Italy",785
"flubot","AR","Argentina",13
"flubot","HK","Hong Kong",43
"flubot","TW","Taiwan Province Of China",7
"ghost-push","IR","Iran (Islamic Republic Of)",1
"kasidet","DK","Denmark",1
"kasidet","KZ","Kazakhstan",3
"kasidet","ET","Ethiopia",1
"kasidet","MD","Moldova",2
"kasidet","FR","France",1
"kasidet","CN","China",1
"kasidet","GE","Georgia",3
"kasidet","BH","Bahrain",3
"kasidet","ZA","South Africa",4
"kasidet","SA","Saudi Arabia",7
"kasidet","TW","Taiwan Province Of China",1
"kasidet","IT","Italy",1
"kasidet","AR","Argentina",44
"kasidet","BE","Belgium",2
"kasidet","UA","Ukraine",20
"kasidet","MV","Maldives",1
"kasidet","TN","Tunisia",3
"kasidet","JO","Jordan",8
"kasidet","BR","Brazil",5
"kasidet","PL","Poland",1
"kasidet","NP","Nepal",1
"kasidet","CL","Chile",1013
"kasidet","MY","Malaysia",12
"kasidet","MA","Morocco",7
"kasidet","QA","Qatar",1
"kasidet","KW","Kuwait",4
"kasidet","PY","Paraguay",1
"kasidet","LA","Lao Peoples Democratic Republic",3
"kasidet","BO","Bolivia",2
"kasidet","DZ","Algeria",6
"kasidet","LU","Luxembourg",1
"kasidet","VN","Viet Nam",1
"kasidet","IQ","Iraq",19
"kasidet","GU","Guam",2
"kasidet","BD","Bangladesh",1
"kasidet","SD","Sudan",4
"kasidet","ID","Indonesia",21
"kasidet","JP","Japan",4
"kasidet","US","United States",19
"kasidet","UK","United Kingdom",2
"kasidet","DE","Germany",8
"kasidet","PH","Philippines",2
"kasidet","RO","Romania",3
"kasidet","NA","Namibia",1
"kasidet","MX","Mexico",8
"kasidet","TH","Thailand",6
"kasidet","MM","Myanmar",3
"kasidet","CH","Switzerland",2
"kasidet","NL","Netherlands",5
"kasidet","AO","Angola",1
"kasidet","CO","Colombia",1
"kasidet","SG","Singapore",2
"kasidet","TR","Turkey",1
"kasidet","UZ","Uzbekistan",1
"kasidet","NO","Norway",3
"kasidet","VE","Venezuela",3
"kasidet","IR","Iran (Islamic Republic Of)",17
"kasidet","IE","Ireland",1
"kasidet","PS","Palestinian Territories",1
"kasidet","IN","India",84
"kasidet","RU","Russian Federation",38
"kasidet","SE","Sweden",5
"kasidet","MO","Macau",1
"kasidet","LY","Libyan Arab Jamahiriya",9
"kasidet","BY","Belarus",2
"kasidet","LK","Sri Lanka",1
"kasidet","CA","Canada",2
"linux.backdoor.setag","RU","Russian Federation",1
"linux.backdoor.setag","NL","Netherlands",1
"marcher","BR","Brazil",1
"marcher","JP","Japan",1
"marcher","AU","Australia",5
"marcher","CN","China",4
"marcher","FR","France",1
"marcher","TN","Tunisia",1
"marcher","IT","Italy",1
"marcher","RU","Russian Federation",5
"marcher","NZ","New Zealand",1
"marcher","SE","Sweden",2
"marcher","ZM","Zambia",2
"marcher","DE","Germany",3
"marcher","RO","Romania",1
"marcher","US","United States",30
"marcher","SG","Singapore",2
"marcher","NL","Netherlands",1
"mirai","KW","Kuwait",16
"mirai","AZ","Azerbaijan",22
"mirai","MA","Morocco",217
"mirai","MY","Malaysia",272
"mirai","QA","Qatar",22
"mirai","NP","Nepal",115
"mirai","PL","Poland",487
"mirai","MU","Mauritius",12
"mirai","CL","Chile",198
"mirai","BR","Brazil",3398
"mirai","SC","Seychelles",1
"mirai","JO","Jordan",84
"mirai","BA","Bosnia And Herzegovina",13
"mirai","DM","Dominica",1
"mirai","JP","Japan",433
"mirai","CD","Democratic Republic Of The Congo",2
"mirai","SY","Syrian Arab Republic",65
"mirai","ID","Indonesia",251
"mirai","GU","Guam",9
"mirai","IQ","Iraq",7
"mirai","VN","Viet Nam",1035
"mirai","SD","Sudan",23
"mirai","CK","Cook Islands",3
"mirai","BD","Bangladesh",28
"mirai","RS","Serbia",25
"mirai","GF","French Guiana",2
"mirai","SI","Slovenia",17
"mirai","LU","Luxembourg",2
"mirai","SZ","Swaziland",2
"mirai","LA","Lao Peoples Democratic Republic",2
"mirai","PY","Paraguay",12
"mirai","TZ","Tanzania",6
"mirai","DZ","Algeria",653
"mirai","BO","Bolivia",91
"mirai","UY","Uruguay",146
"mirai","AU","Australia",392
"mirai","BH","Bahrain",20
"mirai","GE","Georgia",96
"mirai","PK","Pakistan",1196
"mirai","TM","Turkmenistan",1
"mirai","MZ","Mozambique",8
"mirai","FJ","Fiji",4
"mirai","CN","China",16016
"mirai","SK","Slovakia (Slovak Republic)",9
"mirai","EE","Estonia",4
"mirai","FR","France",880
"mirai","HN","Honduras",20
"mirai","ML","Mali",3
"mirai","ET","Ethiopia",154
"mirai","KZ","Kazakhstan",172
"mirai","CV","Cape Verde",1
"mirai","KR","South Korea",2739
"mirai","DK","Denmark",34
"mirai","PT","Portugal",144
"mirai","LV","Latvia",68
"mirai","MD","Moldova",39
"mirai","NI","Nicaragua",9
"mirai","UA","Ukraine",432
"mirai","EC","Ecuador",53
"mirai","SX","Sint Maarten",2
"mirai","BE","Belgium",208
"mirai","CZ","Czech Republic",95
"mirai","RE","Reunion",1
"mirai","TN","Tunisia",70
"mirai","SN","Senegal",13
"mirai","PR","Puerto Rico",27
"mirai","MV","Maldives",4
"mirai","BF","Burkina Faso",1
"mirai","HK","Hong Kong",1287
"mirai","TW","Taiwan Province Of China",2393
"mirai","AD","Andorra",8
"mirai","AR","Argentina",680
"mirai","IT","Italy",842
"mirai","YT","Mayotte",1
"mirai","GT","Guatemala",3
"mirai","YE","Yemen",2
"mirai","AE","United Arab Emirates",123
"mirai","SL","Sierra Leone",4
"mirai","IS","Iceland",6
"mirai","SA","Saudi Arabia",83
"mirai","ZA","South Africa",252
"mirai","NC","New Caledonia",1
"mirai","BJ","Benin",1
"mirai","JM","Jamaica",12
"mirai","IE","Ireland",94
"mirai","DO","Dominican Republic",23
"mirai","PS","Palestinian Territories",33
"mirai","GP","Guadeloupe",1
"mirai","KE","Kenya",178
"mirai","VE","Venezuela",187
"mirai","KY","Cayman Islands",1
"mirai","BG","Bulgaria",122
"mirai","IR","Iran (Islamic Republic Of)",2033
"mirai","GY","Guyana",2
"mirai","EG","Egypt",7213
"mirai","CW","Curacao",7
"mirai","ME","Montenegro",8
"mirai","NO","Norway",75
"mirai","PE","Peru",19
"mirai","MQ","Martinique",2
"mirai","GD","Grenada",1
"mirai","BS","Bahamas",7
"mirai","AW","Aruba",7
"mirai","MN","Mongolia",6
"mirai","LR","Liberia",38
"mirai","LB","Lebanon",84
"mirai","BY","Belarus",21
"mirai","MP","Northern Mariana Islands",1
"mirai","CA","Canada",482
"mirai","IL","Israel",311
"mirai","PM","St. Pierre And Miquelon",1
"mirai","LK","Sri Lanka",6
"mirai","MK","Macedonia",39
"mirai","BB","Barbados",3
"mirai","LY","Libyan Arab Jamahiriya",4
"mirai","UG","Uganda",3
"mirai","CI","Cote D Ivoire",8
"mirai","AF","Afghanistan",5
"mirai","RU","Russian Federation",2761
"mirai","NZ","New Zealand",28
"mirai","CM","Cameroon",1
"mirai","MO","Macau",38
"mirai","SE","Sweden",505
"mirai","TJ","Tajikistan",2
"mirai","RW","Rwanda",9
"mirai","CR","Costa Rica",304
"mirai","KH","Cambodia",112
"mirai","KG","Kyrgyzstan",64
"mirai","HT","Haiti",10
"mirai","IN","India",3131
"mirai","PA","Panama",128
"mirai","TH","Thailand",487
"mirai","MG","Madagascar",3
"mirai","ZM","Zambia",7
"mirai","SR","Suriname",3
"mirai","MX","Mexico",1009
"mirai","HU","Hungary",67
"mirai","AT","Austria",67
"mirai","PH","Philippines",73
"mirai","DE","Germany",1069
"mirai","FI","Finland",134
"mirai","MT","Malta",8
"mirai","NA","Namibia",3
"mirai","AL","Albania",11
"mirai","TT","Trinidad And Tobago",24
"mirai","BN","Brunei Darussalam",7
"mirai","RO","Romania",496
"mirai","MR","Mauritania",1
"mirai","KN","Saint Kitts And Nevis",6
"mirai","AM","Armenia",68
"mirai","UK","United Kingdom",377
"mirai","CY","Cyprus",27
"mirai","US","United States",4146
"mirai","LT","Lithuania",70
"mirai","TR","Turkey",8723
"mirai","GR","Greece",1005
"mirai","SG","Singapore",552
"mirai","HR","Croatia",19
"mirai","ZW","Zimbabwe",3
"mirai","SV","El Salvador",6
"mirai","UZ","Uzbekistan",194
"mirai","AO","Angola",56
"mirai","CO","Colombia",156
"mirai","CG","Congo",42
"mirai","OM","Oman",2
"mirai","BZ","Belize",1
"mirai","CU","Cuba",1
"mirai","ES","Spain",586
"mirai","NG","Nigeria",10
"mirai","NL","Netherlands",309
"mirai","CH","Switzerland",40
"mirai","PF","French Polynesia",4
"mirai","MM","Myanmar",1
"mkero","AZ","Azerbaijan",38
"mkero","PL","Poland",7
"mkero","BR","Brazil",1
"mkero","SY","Syrian Arab Republic",28
"mkero","VN","Viet Nam",1
"mkero","IQ","Iraq",4
"mkero","SD","Sudan",280
"mkero","LU","Luxembourg",3
"mkero","PY","Paraguay",1
"mkero","AU","Australia",1
"mkero","GE","Georgia",15
"mkero","PK","Pakistan",1
"mkero","TM","Turkmenistan",3
"mkero","ER","Eritrea",1
"mkero","CN","China",1
"mkero","EE","Estonia",1
"mkero","FR","France",3
"mkero","ET","Ethiopia",19
"mkero","KZ","Kazakhstan",489
"mkero","LV","Latvia",3
"mkero","MD","Moldova",6
"mkero","UA","Ukraine",382
"mkero","CZ","Czech Republic",2
"mkero","IT","Italy",1
"mkero","AE","United Arab Emirates",1
"mkero","SA","Saudi Arabia",1
"mkero","BG","Bulgaria",1
"mkero","IR","Iran (Islamic Republic Of)",439
"mkero","EG","Egypt",1
"mkero","MN","Mongolia",2
"mkero","BY","Belarus",175
"mkero","CA","Canada",1
"mkero","LY","Libyan Arab Jamahiriya",10
"mkero","RU","Russian Federation",1680
"mkero","AF","Afghanistan",1594
"mkero","TJ","Tajikistan",1730
"mkero","KG","Kyrgyzstan",178
"mkero","DE","Germany",8
"mkero","FI","Finland",2
"mkero","AM","Armenia",4
"mkero","UK","United Kingdom",6
"mkero","US","United States",19
"mkero","CY","Cyprus",1
"mkero","LT","Lithuania",1
"mkero","TR","Turkey",3
"mkero","GR","Greece",2
"mkero","SG","Singapore",2
"mkero","UZ","Uzbekistan",3438
"mkero","CU","Cuba",1479
"mkero","ES","Spain",1
"mkero","NL","Netherlands",7
"poseidon","NL","Netherlands",7
"poseidon","ES","Spain",3
"poseidon","TR","Turkey",1
"poseidon","SG","Singapore",2
"poseidon","US","United States",458
"poseidon","TT","Trinidad And Tobago",1
"poseidon","DE","Germany",4
"poseidon","RU","Russian Federation",9
"poseidon","CA","Canada",51
"poseidon","MN","Mongolia",1
"poseidon","BS","Bahamas",1
"poseidon","HK","Hong Kong",1
"poseidon","TW","Taiwan Province Of China",1
"poseidon","PR","Puerto Rico",1
"poseidon","UA","Ukraine",1
"poseidon","CN","China",1
"poseidon","AU","Australia",1
"poseidon","PL","Poland",1
"qsnatch","FR","France",1254
"qsnatch","HN","Honduras",3
"qsnatch","IM","Isle Of Man",7
"qsnatch","KZ","Kazakhstan",7
"qsnatch","KR","South Korea",401
"qsnatch","DK","Denmark",89
"qsnatch","PT","Portugal",208
"qsnatch","LV","Latvia",16
"qsnatch","MD","Moldova",1
"qsnatch","UY","Uruguay",5
"qsnatch","AU","Australia",967
"qsnatch","GE","Georgia",2
"qsnatch","MZ","Mozambique",1
"qsnatch","SM","San Marino",4
"qsnatch","PK","Pakistan",1
"qsnatch","CN","China",242
"qsnatch","SK","Slovakia (Slovak Republic)",51
"qsnatch","EE","Estonia",1
"qsnatch","GT","Guatemala",1
"qsnatch","YT","Mayotte",2
"qsnatch","AE","United Arab Emirates",39
"qsnatch","GH","Ghana",1
"qsnatch","GI","Gibraltar",3
"qsnatch","IS","Iceland",3
"qsnatch","SA","Saudi Arabia",12
"qsnatch","FO","Faroe Islands",2
"qsnatch","ZA","South Africa",74
"qsnatch","NC","New Caledonia",11
"qsnatch","UA","Ukraine",51
"qsnatch","BE","Belgium",187
"qsnatch","SX","Sint Maarten",1
"qsnatch","CZ","Czech Republic",114
"qsnatch","RE","Reunion",26
"qsnatch","TN","Tunisia",8
"qsnatch","PR","Puerto Rico",2
"qsnatch","HK","Hong Kong",644
"qsnatch","TW","Taiwan Province Of China",1203
"qsnatch","AD","Andorra",2
"qsnatch","AR","Argentina",28
"qsnatch","IT","Italy",1904
"qsnatch","NP","Nepal",2
"qsnatch","PL","Poland",506
"qsnatch","CL","Chile",17
"qsnatch","BR","Brazil",24
"qsnatch","JO","Jordan",3
"qsnatch","SC","Seychelles",1
"qsnatch","BA","Bosnia And Herzegovina",15
"qsnatch","KW","Kuwait",1
"qsnatch","AZ","Azerbaijan",1
"qsnatch","MA","Morocco",15
"qsnatch","MY","Malaysia",54
"qsnatch","QA","Qatar",7
"qsnatch","RS","Serbia",26
"qsnatch","SI","Slovenia",34
"qsnatch","LU","Luxembourg",1
"qsnatch","WS","Samoa",1
"qsnatch","AG","Antigua And Barbuda",1
"qsnatch","PY","Paraguay",1
"qsnatch","DZ","Algeria",4
"qsnatch","JP","Japan",1288
"qsnatch","ID","Indonesia",24
"qsnatch","VN","Viet Nam",3
"qsnatch","BD","Bangladesh",3
"qsnatch","PH","Philippines",6
"qsnatch","FI","Finland",5
"qsnatch","DE","Germany",964
"qsnatch","MT","Malta",7
"qsnatch","NA","Namibia",1
"qsnatch","AL","Albania",1
"qsnatch","TT","Trinidad And Tobago",3
"qsnatch","RO","Romania",55
"qsnatch","BN","Brunei Darussalam",3
"qsnatch","AM","Armenia",1
"qsnatch","UK","United Kingdom",943
"qsnatch","CY","Cyprus",12
"qsnatch","US","United States",1860
"qsnatch","LT","Lithuania",31
"qsnatch","TH","Thailand",162
"qsnatch","PA","Panama",8
"qsnatch","MC","Monaco",1
"qsnatch","MX","Mexico",30
"qsnatch","HU","Hungary",107
"qsnatch","AT","Austria",366
"qsnatch","NG","Nigeria",1
"qsnatch","LI","Liechtenstein",2
"qsnatch","EU","Europe (Unknown Country)",1
"qsnatch","NL","Netherlands",517
"qsnatch","CH","Switzerland",177
"qsnatch","PF","French Polynesia",3
"qsnatch","TR","Turkey",203
"qsnatch","TG","Togo",1
"qsnatch","SG","Singapore",85
"qsnatch","HR","Croatia",9
"qsnatch","GR","Greece",80
"qsnatch","UZ","Uzbekistan",1
"qsnatch","CO","Colombia",12
"qsnatch","AO","Angola",1
"qsnatch","OM","Oman",1
"qsnatch","CU","Cuba",1
"qsnatch","ES","Spain",376
"qsnatch","EG","Egypt",7
"qsnatch","CW","Curacao",2
"qsnatch","ME","Montenegro",1
"qsnatch","NO","Norway",48
"qsnatch","MQ","Martinique",5
"qsnatch","PE","Peru",4
"qsnatch","AW","Aruba",1
"qsnatch","JM","Jamaica",1
"qsnatch","IE","Ireland",22
"qsnatch","PS","Palestinian Territories",1
"qsnatch","DO","Dominican Republic",2
"qsnatch","GP","Guadeloupe",6
"qsnatch","VE","Venezuela",1
"qsnatch","BG","Bulgaria",16
"qsnatch","IR","Iran (Islamic Republic Of)",4
"qsnatch","RU","Russian Federation",517
"qsnatch","NZ","New Zealand",120
"qsnatch","MO","Macau",40
"qsnatch","SE","Sweden",216
"qsnatch","CR","Costa Rica",2
"qsnatch","KH","Cambodia",2
"qsnatch","KG","Kyrgyzstan",1
"qsnatch","HT","Haiti",3
"qsnatch","IN","India",30
"qsnatch","BY","Belarus",12
"qsnatch","JE","Jersey",3
"qsnatch","CA","Canada",445
"qsnatch","IL","Israel",61
"qsnatch","MK","Macedonia",6
"qsnatch","BM","Bermuda",1
"ssh-brute-force","HN","Honduras",5
"ssh-brute-force","FR","France",278
"ssh-brute-force","PT","Portugal",38
"ssh-brute-force","MD","Moldova",20
"ssh-brute-force","LV","Latvia",7
"ssh-brute-force","KZ","Kazakhstan",25
"ssh-brute-force","ET","Ethiopia",8
"ssh-brute-force","DK","Denmark",22
"ssh-brute-force","KR","South Korea",647
"ssh-brute-force","CV","Cape Verde",7
"ssh-brute-force","AU","Australia",51
"ssh-brute-force","GE","Georgia",14
"ssh-brute-force","BH","Bahrain",4
"ssh-brute-force","UY","Uruguay",5
"ssh-brute-force","SK","Slovakia (Slovak Republic)",16
"ssh-brute-force","CN","China",2749
"ssh-brute-force","EE","Estonia",1
"ssh-brute-force","PK","Pakistan",63
"ssh-brute-force","MZ","Mozambique",1
"ssh-brute-force","SS","South Sudan",2
"ssh-brute-force","SA","Saudi Arabia",12
"ssh-brute-force","IS","Iceland",6
"ssh-brute-force","GH","Ghana",12
"ssh-brute-force","AE","United Arab Emirates",28
"ssh-brute-force","GT","Guatemala",12
"ssh-brute-force","SL","Sierra Leone",1
"ssh-brute-force","BJ","Benin",1
"ssh-brute-force","SB","Solomon Islands",1
"ssh-brute-force","ZA","South Africa",59
"ssh-brute-force","TN","Tunisia",22
"ssh-brute-force","SN","Senegal",7
"ssh-brute-force","RE","Reunion",2
"ssh-brute-force","BF","Burkina Faso",1
"ssh-brute-force","GM","Gambia",1
"ssh-brute-force","PR","Puerto Rico",1
"ssh-brute-force","UA","Ukraine",67
"ssh-brute-force","NI","Nicaragua",2
"ssh-brute-force","EC","Ecuador",17
"ssh-brute-force","CZ","Czech Republic",27
"ssh-brute-force","BE","Belgium",48
"ssh-brute-force","IT","Italy",157
"ssh-brute-force","AR","Argentina",131
"ssh-brute-force","HK","Hong Kong",1100
"ssh-brute-force","TW","Taiwan Province Of China",95
"ssh-brute-force","CL","Chile",77
"ssh-brute-force","PL","Poland",162
"ssh-brute-force","BI","Burundi",1
"ssh-brute-force","NP","Nepal",15
"ssh-brute-force","MU","Mauritius",7
"ssh-brute-force","BA","Bosnia And Herzegovina",29
"ssh-brute-force","JO","Jordan",8
"ssh-brute-force","SC","Seychelles",2
"ssh-brute-force","BR","Brazil",894
"ssh-brute-force","AZ","Azerbaijan",15
"ssh-brute-force","KW","Kuwait",7
"ssh-brute-force","BW","Botswana",2
"ssh-brute-force","QA","Qatar",6
"ssh-brute-force","MY","Malaysia",104
"ssh-brute-force","MA","Morocco",11
"ssh-brute-force","SI","Slovenia",5
"ssh-brute-force","GF","French Guiana",2
"ssh-brute-force","RS","Serbia",11
"ssh-brute-force","LU","Luxembourg",9
"ssh-brute-force","SZ","Swaziland",1
"ssh-brute-force","BO","Bolivia",28
"ssh-brute-force","DZ","Algeria",4
"ssh-brute-force","PY","Paraguay",26
"ssh-brute-force","LA","Lao Peoples Democratic Republic",16
"ssh-brute-force","TZ","Tanzania",5
"ssh-brute-force","CD","Democratic Republic Of The Congo",2
"ssh-brute-force","JP","Japan",166
"ssh-brute-force","SY","Syrian Arab Republic",2
"ssh-brute-force","ID","Indonesia",249
"ssh-brute-force","SD","Sudan",8
"ssh-brute-force","GN","Guinea",2
"ssh-brute-force","BD","Bangladesh",44
"ssh-brute-force","IQ","Iraq",20
"ssh-brute-force","VN","Viet Nam",333
"ssh-brute-force","NA","Namibia",1
"ssh-brute-force","MT","Malta",1
"ssh-brute-force","AL","Albania",6
"ssh-brute-force","BN","Brunei Darussalam",1
"ssh-brute-force","RO","Romania",37
"ssh-brute-force","KN","Saint Kitts And Nevis",1
"ssh-brute-force","TT","Trinidad And Tobago",2
"ssh-brute-force","PH","Philippines",35
"ssh-brute-force","DE","Germany",669
"ssh-brute-force","FI","Finland",32
"ssh-brute-force","UK","United Kingdom",242
"ssh-brute-force","LT","Lithuania",19
"ssh-brute-force","CY","Cyprus",1
"ssh-brute-force","US","United States",2544
"ssh-brute-force","SO","Somalia",1
"ssh-brute-force","AM","Armenia",4
"ssh-brute-force","ZM","Zambia",5
"ssh-brute-force","MG","Madagascar",1
"ssh-brute-force","PA","Panama",11
"ssh-brute-force","TH","Thailand",97
"ssh-brute-force","HU","Hungary",24
"ssh-brute-force","AT","Austria",17
"ssh-brute-force","MX","Mexico",149
"ssh-brute-force","NL","Netherlands",374
"ssh-brute-force","NE","Niger",1
"ssh-brute-force","NG","Nigeria",15
"ssh-brute-force","CH","Switzerland",39
"ssh-brute-force","MM","Myanmar",4
"ssh-brute-force","SV","El Salvador",7
"ssh-brute-force","UZ","Uzbekistan",11
"ssh-brute-force","GR","Greece",14
"ssh-brute-force","TG","Togo",1
"ssh-brute-force","SG","Singapore",553
"ssh-brute-force","HR","Croatia",17
"ssh-brute-force","TR","Turkey",74
"ssh-brute-force","ZW","Zimbabwe",8
"ssh-brute-force","ES","Spain",112
"ssh-brute-force","BZ","Belize",8
"ssh-brute-force","CO","Colombia",181
"ssh-brute-force","CG","Congo",4
"ssh-brute-force","AO","Angola",5
"ssh-brute-force","OM","Oman",2
"ssh-brute-force","EG","Egypt",31
"ssh-brute-force","MN","Mongolia",16
"ssh-brute-force","KM","Comoros",1
"ssh-brute-force","LB","Lebanon",2
"ssh-brute-force","PE","Peru",44
"ssh-brute-force","MQ","Martinique",4
"ssh-brute-force","NO","Norway",12
"ssh-brute-force","BT","Bhutan",1
"ssh-brute-force","DO","Dominican Republic",6
"ssh-brute-force","PS","Palestinian Territories",5
"ssh-brute-force","JM","Jamaica",1
"ssh-brute-force","IE","Ireland",22
"ssh-brute-force","PG","Papua New Guinea",1
"ssh-brute-force","IR","Iran (Islamic Republic Of)",89
"ssh-brute-force","VE","Venezuela",23
"ssh-brute-force","KE","Kenya",37
"ssh-brute-force","BG","Bulgaria",23
"ssh-brute-force","KY","Cayman Islands",1
"ssh-brute-force","SE","Sweden",75
"ssh-brute-force","TJ","Tajikistan",1
"ssh-brute-force","CM","Cameroon",2
"ssh-brute-force","MO","Macau",1
"ssh-brute-force","RU","Russian Federation",457
"ssh-brute-force","AF","Afghanistan",1
"ssh-brute-force","CI","Cote D Ivoire",2
"ssh-brute-force","NZ","New Zealand",10
"ssh-brute-force","IN","India",745
"ssh-brute-force","HT","Haiti",2
"ssh-brute-force","KG","Kyrgyzstan",4
"ssh-brute-force","RW","Rwanda",1
"ssh-brute-force","KH","Cambodia",34
"ssh-brute-force","CR","Costa Rica",5
"ssh-brute-force","CA","Canada",166
"ssh-brute-force","MK","Macedonia",5
"ssh-brute-force","LK","Sri Lanka",4
"ssh-brute-force","IL","Israel",22
"ssh-brute-force","BY","Belarus",28
"ssh-brute-force","MW","Malawi",9
"ssh-brute-force","UG","Uganda",10
"ssh-brute-force","LY","Libyan Arab Jamahiriya",1
"teleru","AU","Australia",1
"teleru","JP","Japan",8
"teleru","DE","Germany",3
"teleru","US","United States",20
"teleru","UK","United Kingdom",1
"teleru","TR","Turkey",2
"teleru","IR","Iran (Islamic Republic Of)",218
"teleru","CA","Canada",1
"teleru","AF","Afghanistan",1
"telnet-brute-force","AW","Aruba",4
"telnet-brute-force","PE","Peru",19
"telnet-brute-force","MQ","Martinique",1
"telnet-brute-force","BS","Bahamas",1
"telnet-brute-force","NO","Norway",14
"telnet-brute-force","LB","Lebanon",35
"telnet-brute-force","MN","Mongolia",8
"telnet-brute-force","EG","Egypt",737
"telnet-brute-force","ME","Montenegro",5
"telnet-brute-force","CW","Curacao",3
"telnet-brute-force","BG","Bulgaria",87
"telnet-brute-force","VE","Venezuela",75
"telnet-brute-force","KE","Kenya",56
"telnet-brute-force","IR","Iran (Islamic Republic Of)",811
"telnet-brute-force","IE","Ireland",11
"telnet-brute-force","JM","Jamaica",8
"telnet-brute-force","GP","Guadeloupe",1
"telnet-brute-force","DO","Dominican Republic",10
"telnet-brute-force","PS","Palestinian Territories",83
"telnet-brute-force","KH","Cambodia",98
"telnet-brute-force","CR","Costa Rica",31
"telnet-brute-force","RW","Rwanda",9
"telnet-brute-force","IN","India",1176
"telnet-brute-force","HT","Haiti",5
"telnet-brute-force","KG","Kyrgyzstan",8
"telnet-brute-force","NZ","New Zealand",12
"telnet-brute-force","RU","Russian Federation",1535
"telnet-brute-force","AF","Afghanistan",12
"telnet-brute-force","TJ","Tajikistan",2
"telnet-brute-force","SE","Sweden",174
"telnet-brute-force","CM","Cameroon",14
"telnet-brute-force","MO","Macau",5
"telnet-brute-force","BB","Barbados",3
"telnet-brute-force","UG","Uganda",3
"telnet-brute-force","LY","Libyan Arab Jamahiriya",1
"telnet-brute-force","MW","Malawi",3
"telnet-brute-force","BY","Belarus",8
"telnet-brute-force","MK","Macedonia",14
"telnet-brute-force","LK","Sri Lanka",2
"telnet-brute-force","IL","Israel",90
"telnet-brute-force","MP","Northern Mariana Islands",1
"telnet-brute-force","CA","Canada",110
"telnet-brute-force","AM","Armenia",25
"telnet-brute-force","SO","Somalia",4
"telnet-brute-force","GQ","Equatorial Guinea",3
"telnet-brute-force","LT","Lithuania",54
"telnet-brute-force","US","United States",1623
"telnet-brute-force","CY","Cyprus",14
"telnet-brute-force","UK","United Kingdom",203
"telnet-brute-force","FI","Finland",16
"telnet-brute-force","PH","Philippines",21
"telnet-brute-force","DE","Germany",126
"telnet-brute-force","KN","Saint Kitts And Nevis",1
"telnet-brute-force","RO","Romania",102
"telnet-brute-force","MR","Mauritania",1
"telnet-brute-force","BN","Brunei Darussalam",2
"telnet-brute-force","TT","Trinidad And Tobago",5
"telnet-brute-force","MT","Malta",7
"telnet-brute-force","AL","Albania",25
"telnet-brute-force","PW","Palau",19
"telnet-brute-force","MX","Mexico",1152
"telnet-brute-force","AT","Austria",16
"telnet-brute-force","HU","Hungary",71
"telnet-brute-force","ZM","Zambia",4
"telnet-brute-force","MG","Madagascar",3
"telnet-brute-force","PA","Panama",21
"telnet-brute-force","TH","Thailand",248
"telnet-brute-force","SR","Suriname",6
"telnet-brute-force","MM","Myanmar",7
"telnet-brute-force","CH","Switzerland",8
"telnet-brute-force","NG","Nigeria",28
"telnet-brute-force","NL","Netherlands",109
"telnet-brute-force","OM","Oman",1
"telnet-brute-force","CO","Colombia",116
"telnet-brute-force","CG","Congo",5
"telnet-brute-force","AO","Angola",5
"telnet-brute-force","ES","Spain",260
"telnet-brute-force","BZ","Belize",10
"telnet-brute-force","ZW","Zimbabwe",4
"telnet-brute-force","HR","Croatia",18
"telnet-brute-force","SG","Singapore",72
"telnet-brute-force","GR","Greece",254
"telnet-brute-force","TR","Turkey",352
"telnet-brute-force","UZ","Uzbekistan",58
"telnet-brute-force","SV","El Salvador",3
"telnet-brute-force","JO","Jordan",10
"telnet-brute-force","BR","Brazil",1428
"telnet-brute-force","BA","Bosnia And Herzegovina",4
"telnet-brute-force","MU","Mauritius",5
"telnet-brute-force","BI","Burundi",8
"telnet-brute-force","PL","Poland",230
"telnet-brute-force","NP","Nepal",46
"telnet-brute-force","CL","Chile",76
"telnet-brute-force","MY","Malaysia",91
"telnet-brute-force","MA","Morocco",30
"telnet-brute-force","QA","Qatar",1
"telnet-brute-force","BW","Botswana",1
"telnet-brute-force","KW","Kuwait",6
"telnet-brute-force","AZ","Azerbaijan",11
"telnet-brute-force","TZ","Tanzania",10
"telnet-brute-force","LA","Lao Peoples Democratic Republic",2
"telnet-brute-force","PY","Paraguay",18
"telnet-brute-force","BO","Bolivia",48
"telnet-brute-force","DZ","Algeria",12
"telnet-brute-force","LU","Luxembourg",1
"telnet-brute-force","SI","Slovenia",10
"telnet-brute-force","RS","Serbia",34
"telnet-brute-force","VN","Viet Nam",233
"telnet-brute-force","IQ","Iraq",14
"telnet-brute-force","GU","Guam",3
"telnet-brute-force","BD","Bangladesh",115
"telnet-brute-force","SD","Sudan",1
"telnet-brute-force","SY","Syrian Arab Republic",9
"telnet-brute-force","ID","Indonesia",277
"telnet-brute-force","JP","Japan",115
"telnet-brute-force","CD","Democratic Republic Of The Congo",3
"telnet-brute-force","DK","Denmark",10
"telnet-brute-force","KR","South Korea",1471
"telnet-brute-force","CV","Cape Verde",12
"telnet-brute-force","KZ","Kazakhstan",47
"telnet-brute-force","ET","Ethiopia",93
"telnet-brute-force","MD","Moldova",42
"telnet-brute-force","LV","Latvia",46
"telnet-brute-force","PT","Portugal",43
"telnet-brute-force","FR","France",160
"telnet-brute-force","ML","Mali",3
"telnet-brute-force","HN","Honduras",26
"telnet-brute-force","PK","Pakistan",383
"telnet-brute-force","TM","Turkmenistan",1
"telnet-brute-force","MZ","Mozambique",6
"telnet-brute-force","EE","Estonia",3
"telnet-brute-force","CN","China",4729
"telnet-brute-force","SK","Slovakia (Slovak Republic)",21
"telnet-brute-force","FJ","Fiji",1
"telnet-brute-force","UY","Uruguay",41
"telnet-brute-force","BH","Bahrain",25
"telnet-brute-force","GE","Georgia",34
"telnet-brute-force","AU","Australia",82
"telnet-brute-force","NC","New Caledonia",1
"telnet-brute-force","ZA","South Africa",82
"telnet-brute-force","BJ","Benin",1
"telnet-brute-force","SB","Solomon Islands",1
"telnet-brute-force","SL","Sierra Leone",2
"telnet-brute-force","GH","Ghana",1
"telnet-brute-force","YT","Mayotte",1
"telnet-brute-force","YE","Yemen",1
"telnet-brute-force","AE","United Arab Emirates",42
"telnet-brute-force","GT","Guatemala",6
"telnet-brute-force","SA","Saudi Arabia",15
"telnet-brute-force","IS","Iceland",1
"telnet-brute-force","TW","Taiwan Province Of China",811
"telnet-brute-force","HK","Hong Kong",279
"telnet-brute-force","IT","Italy",367
"telnet-brute-force","AR","Argentina",225
"telnet-brute-force","AD","Andorra",1
"telnet-brute-force","CZ","Czech Republic",94
"telnet-brute-force","SX","Sint Maarten",2
"telnet-brute-force","BE","Belgium",48
"telnet-brute-force","UA","Ukraine",251
"telnet-brute-force","EC","Ecuador",38
"telnet-brute-force","NI","Nicaragua",8
"telnet-brute-force","MV","Maldives",5
"telnet-brute-force","GM","Gambia",1
"telnet-brute-force","BF","Burkina Faso",1
"telnet-brute-force","PR","Puerto Rico",6
"telnet-brute-force","LS","Lesotho",1
"telnet-brute-force","TN","Tunisia",8
"telnet-brute-force","SN","Senegal",3
"vpnfilter","CL","Chile",2
"vpnfilter","PL","Poland",58
"vpnfilter","BR","Brazil",2
"vpnfilter","MY","Malaysia",1
"vpnfilter","RS","Serbia",4
"vpnfilter","SI","Slovenia",5
"vpnfilter","LU","Luxembourg",1
"vpnfilter","JP","Japan",53
"vpnfilter","ID","Indonesia",11
"vpnfilter","BD","Bangladesh",31
"vpnfilter","IQ","Iraq",1
"vpnfilter","FR","France",194
"vpnfilter","PT","Portugal",11
"vpnfilter","LV","Latvia",2
"vpnfilter","KZ","Kazakhstan",1
"vpnfilter","KR","South Korea",35
"vpnfilter","DK","Denmark",19
"vpnfilter","AU","Australia",92
"vpnfilter","GE","Georgia",1
"vpnfilter","CN","China",7
"vpnfilter","SK","Slovakia (Slovak Republic)",6
"vpnfilter","EE","Estonia",1
"vpnfilter","MZ","Mozambique",1
"vpnfilter","IS","Iceland",1
"vpnfilter","AE","United Arab Emirates",2
"vpnfilter","ZA","South Africa",19
"vpnfilter","NC","New Caledonia",3
"vpnfilter","PR","Puerto Rico",2
"vpnfilter","UA","Ukraine",404
"vpnfilter","BE","Belgium",8
"vpnfilter","CZ","Czech Republic",21
"vpnfilter","AD","Andorra",1
"vpnfilter","AR","Argentina",1
"vpnfilter","IT","Italy",289
"vpnfilter","HK","Hong Kong",51
"vpnfilter","TW","Taiwan Province Of China",149
"vpnfilter","ME","Montenegro",1
"vpnfilter","GY","Guyana",1
"vpnfilter","EG","Egypt",1
"vpnfilter","NO","Norway",2
"vpnfilter","PS","Palestinian Territories",1
"vpnfilter","GP","Guadeloupe",2
"vpnfilter","IE","Ireland",3
"vpnfilter","BG","Bulgaria",4
"vpnfilter","SE","Sweden",26
"vpnfilter","RU","Russian Federation",78
"vpnfilter","NZ","New Zealand",3
"vpnfilter","IN","India",5
"vpnfilter","CA","Canada",96
"vpnfilter","IL","Israel",12
"vpnfilter","BM","Bermuda",1
"vpnfilter","BY","Belarus",2
"vpnfilter","LY","Libyan Arab Jamahiriya",7
"vpnfilter","RO","Romania",7
"vpnfilter","DE","Germany",112
"vpnfilter","PH","Philippines",1
"vpnfilter","FI","Finland",1
"vpnfilter","UK","United Kingdom",186
"vpnfilter","US","United States",402
"vpnfilter","CY","Cyprus",2
"vpnfilter","LT","Lithuania",1
"vpnfilter","TH","Thailand",7
"vpnfilter","HU","Hungary",15
"vpnfilter","AT","Austria",30
"vpnfilter","MX","Mexico",1
"vpnfilter","NL","Netherlands",71
"vpnfilter","CH","Switzerland",18
"vpnfilter","TR","Turkey",5
"vpnfilter","SG","Singapore",7
"vpnfilter","GR","Greece",2
"vpnfilter","HR","Croatia",1
"vpnfilter","ES","Spain",29
"CVE-2009-0545","CN","China",2
"CVE-2009-0545","HK","Hong Kong",2
"CVE-2009-0545","KR","South Korea",2
"CVE-2009-0545","US","United States",1
"CVE-2014-8361","AL","Albania",1
"CVE-2014-8361","AR","Argentina",4
"CVE-2014-8361","AZ","Azerbaijan",3
"CVE-2014-8361","BG","Bulgaria",1
"CVE-2014-8361","BO","Bolivia",2
"CVE-2014-8361","BR","Brazil",59
"CVE-2014-8361","CL","Chile",1
"CVE-2014-8361","CN","China",235
"CVE-2014-8361","CO","Colombia",4
"CVE-2014-8361","DE","Germany",1
"CVE-2014-8361","EC","Ecuador",2
"CVE-2014-8361","EG","Egypt",269
"CVE-2014-8361","ES","Spain",10
"CVE-2014-8361","ET","Ethiopia",21
"CVE-2014-8361","FJ","Fiji",1
"CVE-2014-8361","FR","France",3
"CVE-2014-8361","GR","Greece",1
"CVE-2014-8361","HK","Hong Kong",4
"CVE-2014-8361","HT","Haiti",1
"CVE-2014-8361","ID","Indonesia",7
"CVE-2014-8361","IE","Ireland",1
"CVE-2014-8361","IL","Israel",2
"CVE-2014-8361","IN","India",70
"CVE-2014-8361","IR","Iran (Islamic Republic Of)",32
"CVE-2014-8361","IT","Italy",14
"CVE-2014-8361","JP","Japan",4
"CVE-2014-8361","KR","South Korea",229
"CVE-2014-8361","LR","Liberia",1
"CVE-2014-8361","LV","Latvia",1
"CVE-2014-8361","MA","Morocco",1
"CVE-2014-8361","MX","Mexico",9
"CVE-2014-8361","NO","Norway",2
"CVE-2014-8361","PA","Panama",1
"CVE-2014-8361","PH","Philippines",1
"CVE-2014-8361","PK","Pakistan",10
"CVE-2014-8361","PL","Poland",4
"CVE-2014-8361","PR","Puerto Rico",1
"CVE-2014-8361","PS","Palestinian Territories",1
"CVE-2014-8361","QA","Qatar",1
"CVE-2014-8361","RO","Romania",8
"CVE-2014-8361","RS","Serbia",1
"CVE-2014-8361","RU","Russian Federation",37
"CVE-2014-8361","SE","Sweden",1
"CVE-2014-8361","TH","Thailand",3
"CVE-2014-8361","TN","Tunisia",1
"CVE-2014-8361","TR","Turkey",28
"CVE-2014-8361","TW","Taiwan Province Of China",13
"CVE-2014-8361","UA","Ukraine",5
"CVE-2014-8361","UK","United Kingdom",1
"CVE-2014-8361","US","United States",97
"CVE-2014-8361","UY","Uruguay",1
"CVE-2014-8361","VE","Venezuela",5
"CVE-2014-8361","VN","Viet Nam",2
"CVE-2015-2051","AR","Argentina",1
"CVE-2015-2051","BN","Brunei Darussalam",1
"CVE-2015-2051","BR","Brazil",1
"CVE-2015-2051","CH","Switzerland",1
"CVE-2015-2051","CN","China",107
"CVE-2015-2051","ES","Spain",1
"CVE-2015-2051","FR","France",2
"CVE-2015-2051","GE","Georgia",1
"CVE-2015-2051","HK","Hong Kong",1
"CVE-2015-2051","HU","Hungary",1
"CVE-2015-2051","ID","Indonesia",1
"CVE-2015-2051","IE","Ireland",1
"CVE-2015-2051","IN","India",21
"CVE-2015-2051","IT","Italy",3
"CVE-2015-2051","KH","Cambodia",1
"CVE-2015-2051","KR","South Korea",4
"CVE-2015-2051","NO","Norway",1
"CVE-2015-2051","PK","Pakistan",2
"CVE-2015-2051","PL","Poland",1
"CVE-2015-2051","RU","Russian Federation",3
"CVE-2015-2051","SE","Sweden",1
"CVE-2015-2051","TR","Turkey",1
"CVE-2015-2051","TW","Taiwan Province Of China",3
"CVE-2015-2051","US","United States",12
"CVE-2015-2051","VN","Viet Nam",2
"CVE-2016-10372","BO","Bolivia",2
"CVE-2016-10372","BR","Brazil",3
"CVE-2016-10372","CN","China",205
"CVE-2016-10372","CO","Colombia",2
"CVE-2016-10372","DE","Germany",2
"CVE-2016-10372","ES","Spain",1
"CVE-2016-10372","HK","Hong Kong",4
"CVE-2016-10372","IN","India",35
"CVE-2016-10372","IR","Iran (Islamic Republic Of)",1
"CVE-2016-10372","KH","Cambodia",3
"CVE-2016-10372","KR","South Korea",10
"CVE-2016-10372","NI","Nicaragua",2
"CVE-2016-10372","NO","Norway",3
"CVE-2016-10372","PH","Philippines",1
"CVE-2016-10372","PK","Pakistan",9
"CVE-2016-10372","RU","Russian Federation",17
"CVE-2016-10372","SE","Sweden",1
"CVE-2016-10372","TH","Thailand",2
"CVE-2016-10372","TR","Turkey",1
"CVE-2016-10372","TW","Taiwan Province Of China",1
"CVE-2016-10372","UA","Ukraine",1
"CVE-2016-10372","US","United States",2
"CVE-2016-10372","ZA","South Africa",1
"CVE-2016-6277","AO","Angola",1
"CVE-2016-6277","BR","Brazil",1
"CVE-2016-6277","CN","China",41
"CVE-2016-6277","CO","Colombia",1
"CVE-2016-6277","IN","India",7
"CVE-2016-6277","KR","South Korea",3
"CVE-2016-6277","NO","Norway",1
"CVE-2016-6277","PK","Pakistan",3
"CVE-2016-6277","PS","Palestinian Territories",1
"CVE-2016-6277","RU","Russian Federation",4
"CVE-2016-6277","SY","Syrian Arab Republic",1
"CVE-2017-17215","AE","United Arab Emirates",1
"CVE-2017-17215","AL","Albania",1
"CVE-2017-17215","AM","Armenia",1
"CVE-2017-17215","AR","Argentina",3
"CVE-2017-17215","AU","Australia",5
"CVE-2017-17215","AZ","Azerbaijan",2
"CVE-2017-17215","BD","Bangladesh",1
"CVE-2017-17215","BG","Bulgaria",3
"CVE-2017-17215","BN","Brunei Darussalam",1
"CVE-2017-17215","BR","Brazil",47
"CVE-2017-17215","CA","Canada",8
"CVE-2017-17215","CN","China",213
"CVE-2017-17215","CO","Colombia",1
"CVE-2017-17215","CR","Costa Rica",12
"CVE-2017-17215","CY","Cyprus",1
"CVE-2017-17215","CZ","Czech Republic",48
"CVE-2017-17215","DE","Germany",10
"CVE-2017-17215","DK","Denmark",1
"CVE-2017-17215","EC","Ecuador",4
"CVE-2017-17215","EG","Egypt",6
"CVE-2017-17215","ES","Spain",9
"CVE-2017-17215","ET","Ethiopia",21
"CVE-2017-17215","FI","Finland",4
"CVE-2017-17215","FR","France",5
"CVE-2017-17215","GE","Georgia",1
"CVE-2017-17215","GP","Guadeloupe",1
"CVE-2017-17215","GR","Greece",2
"CVE-2017-17215","HK","Hong Kong",17
"CVE-2017-17215","HN","Honduras",1
"CVE-2017-17215","HT","Haiti",4
"CVE-2017-17215","HU","Hungary",2
"CVE-2017-17215","ID","Indonesia",7
"CVE-2017-17215","IE","Ireland",2
"CVE-2017-17215","IL","Israel",3
"CVE-2017-17215","IN","India",38
"CVE-2017-17215","IR","Iran (Islamic Republic Of)",33
"CVE-2017-17215","IT","Italy",24
"CVE-2017-17215","JP","Japan",22
"CVE-2017-17215","KH","Cambodia",1
"CVE-2017-17215","KR","South Korea",327
"CVE-2017-17215","KW","Kuwait",1
"CVE-2017-17215","KZ","Kazakhstan",4
"CVE-2017-17215","LR","Liberia",1
"CVE-2017-17215","LT","Lithuania",1
"CVE-2017-17215","LV","Latvia",3
"CVE-2017-17215","MA","Morocco",1
"CVE-2017-17215","MD","Moldova",4
"CVE-2017-17215","MK","Macedonia",1
"CVE-2017-17215","MN","Mongolia",1
"CVE-2017-17215","MX","Mexico",42
"CVE-2017-17215","MY","Malaysia",5
"CVE-2017-17215","NI","Nicaragua",1
"CVE-2017-17215","NL","Netherlands",2
"CVE-2017-17215","NP","Nepal",2
"CVE-2017-17215","PA","Panama",1
"CVE-2017-17215","PE","Peru",2
"CVE-2017-17215","PH","Philippines",4
"CVE-2017-17215","PK","Pakistan",6
"CVE-2017-17215","PL","Poland",2
"CVE-2017-17215","PR","Puerto Rico",1
"CVE-2017-17215","PT","Portugal",3
"CVE-2017-17215","PY","Paraguay",1
"CVE-2017-17215","QA","Qatar",1
"CVE-2017-17215","RO","Romania",6
"CVE-2017-17215","RU","Russian Federation",37
"CVE-2017-17215","SA","Saudi Arabia",1
"CVE-2017-17215","SE","Sweden",32
"CVE-2017-17215","SG","Singapore",6
"CVE-2017-17215","SI","Slovenia",1
"CVE-2017-17215","SK","Slovakia (Slovak Republic)",1
"CVE-2017-17215","SY","Syrian Arab Republic",1
"CVE-2017-17215","TH","Thailand",5
"CVE-2017-17215","TN","Tunisia",1
"CVE-2017-17215","TR","Turkey",48
"CVE-2017-17215","TW","Taiwan Province Of China",111
"CVE-2017-17215","UA","Ukraine",7
"CVE-2017-17215","UG","Uganda",1
"CVE-2017-17215","UK","United Kingdom",10
"CVE-2017-17215","US","United States",165
"CVE-2017-17215","UZ","Uzbekistan",1
"CVE-2017-17215","VE","Venezuela",4
"CVE-2017-17215","VN","Viet Nam",15
"CVE-2017-17215","ZA","South Africa",1
"CVE-2017-18368","CN","China",13
"CVE-2017-18368","HK","Hong Kong",1
"CVE-2017-18368","KR","South Korea",3
"CVE-2017-18368","ZA","South Africa",1
"CVE-2017-7927","RU","Russian Federation",1
"CVE-2018-10562","AR","Argentina",3
"CVE-2018-10562","AZ","Azerbaijan",1
"CVE-2018-10562","BR","Brazil",6
"CVE-2018-10562","CA","Canada",1
"CVE-2018-10562","CN","China",210
"CVE-2018-10562","CO","Colombia",1
"CVE-2018-10562","DE","Germany",1
"CVE-2018-10562","EG","Egypt",55
"CVE-2018-10562","ES","Spain",1
"CVE-2018-10562","HK","Hong Kong",1
"CVE-2018-10562","HT","Haiti",1
"CVE-2018-10562","IN","India",64
"CVE-2018-10562","IT","Italy",1
"CVE-2018-10562","JP","Japan",1
"CVE-2018-10562","KR","South Korea",10
"CVE-2018-10562","LR","Liberia",2
"CVE-2018-10562","MA","Morocco",2
"CVE-2018-10562","PA","Panama",1
"CVE-2018-10562","PK","Pakistan",5
"CVE-2018-10562","PL","Poland",2
"CVE-2018-10562","RU","Russian Federation",11
"CVE-2018-10562","TH","Thailand",1
"CVE-2018-10562","TR","Turkey",1
"CVE-2018-10562","TW","Taiwan Province Of China",2
"CVE-2018-10562","UK","United Kingdom",1
"CVE-2018-10562","US","United States",7
"CVE-2018-10562","VN","Viet Nam",1
"CVE-2020-8958","US","United States",1
"CVE-2021-30168","NL","Netherlands",1
"EDB-25978","AR","Argentina",3
"EDB-25978","BO","Bolivia",1
"EDB-25978","BR","Brazil",4
"EDB-25978","CN","China",171
"EDB-25978","CO","Colombia",2
"EDB-25978","ID","Indonesia",1
"EDB-25978","IN","India",34
"EDB-25978","JO","Jordan",1
"EDB-25978","JP","Japan",1
"EDB-25978","KR","South Korea",5
"EDB-25978","MD","Moldova",1
"EDB-25978","NO","Norway",2
"EDB-25978","PK","Pakistan",5
"EDB-25978","PL","Poland",1
"EDB-25978","RU","Russian Federation",9
"EDB-25978","SE","Sweden",1
"EDB-25978","SZ","Swaziland",1
"EDB-25978","TH","Thailand",2
"EDB-25978","TR","Turkey",3
"EDB-25978","TW","Taiwan Province Of China",1
"EDB-25978","UA","Ukraine",1
"EDB-25978","US","United States",3
"EDB-31683","CN","China",9
"EDB-31683","HK","Hong Kong",1
"EDB-31683","KR","South Korea",10
"EDB-31683","KW","Kuwait",1
"EDB-31683","RO","Romania",2
"EDB-31683","RU","Russian Federation",1
"EDB-31683","TW","Taiwan Province Of China",3
"EDB-31683","US","United States",4
"EDB-39596","AL","Albania",1
"EDB-39596","CN","China",85
"EDB-39596","CO","Colombia",1
"EDB-39596","GE","Georgia",1
"EDB-39596","HK","Hong Kong",1
"EDB-39596","HU","Hungary",1
"EDB-39596","IN","India",26
"EDB-39596","KR","South Korea",4
"EDB-39596","NO","Norway",2
"EDB-39596","PK","Pakistan",4
"EDB-39596","RO","Romania",1
"EDB-39596","RU","Russian Federation",6
"EDB-39596","SE","Sweden",2
"EDB-39596","UA","Ukraine",1
"EDB-39596","US","United States",1
"EDB-41471","BG","Bulgaria",1
"EDB-41471","BR","Brazil",5
"EDB-41471","CA","Canada",3
"EDB-41471","CN","China",130
"EDB-41471","CO","Colombia",1
"EDB-41471","DE","Germany",1
"EDB-41471","EG","Egypt",117
"EDB-41471","ES","Spain",1
"EDB-41471","HK","Hong Kong",5
"EDB-41471","ID","Indonesia",1
"EDB-41471","IN","India",13
"EDB-41471","IR","Iran (Islamic Republic Of)",2
"EDB-41471","JP","Japan",3
"EDB-41471","KR","South Korea",23
"EDB-41471","MX","Mexico",1
"EDB-41471","MY","Malaysia",1
"EDB-41471","NL","Netherlands",2
"EDB-41471","NO","Norway",2
"EDB-41471","PK","Pakistan",2
"EDB-41471","PT","Portugal",1
"EDB-41471","QA","Qatar",1
"EDB-41471","RU","Russian Federation",3
"EDB-41471","SE","Sweden",3
"EDB-41471","TH","Thailand",5
"EDB-41471","TR","Turkey",3
"EDB-41471","TW","Taiwan Province Of China",9
"EDB-41471","UA","Ukraine",1
"EDB-41471","US","United States",12
"EDB-41471","VN","Viet Nam",3
"EDB-41471","ZA","South Africa",1
"OPENVAS-1361412562310107187","AR","Argentina",2
"OPENVAS-1361412562310107187","BO","Bolivia",1
"OPENVAS-1361412562310107187","CN","China",36
"OPENVAS-1361412562310107187","CO","Colombia",1
"OPENVAS-1361412562310107187","IN","India",11
"OPENVAS-1361412562310107187","KH","Cambodia",1
"OPENVAS-1361412562310107187","KR","South Korea",1
"OPENVAS-1361412562310107187","PK","Pakistan",2
"OPENVAS-1361412562310107187","RU","Russian Federation",4
"OPENVAS-1361412562310107187","TW","Taiwan Province Of China",1
"SSV-97217","AE","United Arab Emirates",1
"SSV-97217","AR","Argentina",1
"SSV-97217","AU","Australia",2
"SSV-97217","AZ","Azerbaijan",1
"SSV-97217","BD","Bangladesh",1
"SSV-97217","BG","Bulgaria",2
"SSV-97217","BR","Brazil",29
"SSV-97217","CA","Canada",2
"SSV-97217","CL","Chile",2
"SSV-97217","CN","China",2
"SSV-97217","CY","Cyprus",1
"SSV-97217","CZ","Czech Republic",1
"SSV-97217","DE","Germany",1
"SSV-97217","DO","Dominican Republic",1
"SSV-97217","EC","Ecuador",1
"SSV-97217","ES","Spain",4
"SSV-97217","FR","France",1
"SSV-97217","GR","Greece",5
"SSV-97217","HR","Croatia",3
"SSV-97217","HU","Hungary",2
"SSV-97217","ID","Indonesia",1
"SSV-97217","IE","Ireland",1
"SSV-97217","IL","Israel",1
"SSV-97217","IR","Iran (Islamic Republic Of)",2
"SSV-97217","IT","Italy",7
"SSV-97217","JM","Jamaica",1
"SSV-97217","KR","South Korea",65
"SSV-97217","LA","Lao Peoples Democratic Republic",1
"SSV-97217","LV","Latvia",1
"SSV-97217","ME","Montenegro",1
"SSV-97217","MX","Mexico",14
"SSV-97217","MY","Malaysia",15
"SSV-97217","PK","Pakistan",1
"SSV-97217","PL","Poland",3
"SSV-97217","RO","Romania",11
"SSV-97217","RS","Serbia",1
"SSV-97217","RU","Russian Federation",2
"SSV-97217","SI","Slovenia",1
"SSV-97217","TH","Thailand",8
"SSV-97217","TR","Turkey",14
"SSV-97217","TW","Taiwan Province Of China",6
"SSV-97217","UA","Ukraine",1
"SSV-97217","UK","United Kingdom",2
"SSV-97217","US","United States",58
"SSV-97217","UY","Uruguay",8
"SSV-97217","VE","Venezuela",3
"SSV-97217","VN","Viet Nam",7
"SSV-97217","ZM","Zambia",1
